genus_species,type,fisheries_status,diet,common_name,body_shape,functional_group,colour,habitat association,water column position,iconic species,2026 edit,Notes
Argyrosomus japonicus,Teleost,Target,Carnivore,Mulloway,fusiform / normal,benthopelagic,NA,reef/unconsolidated,benthopelagic,Yes,Y,NA
Arripis truttaceus,Teleost,Target,Carnivore,Western Australian salmon,fusiform / normal,benthopelagic,#E1E2E4,reef/seagrass/unconsolidated,benthopelagic,No,Y,NA
Centroberyx lineatus,Teleost,Target,Carnivore,Swallowtail,fusiform / normal,benthopelagic,NA,reef,benthopelagic,No,Y,NA
Galeorhinus galeus,Chondrichthyes,Target,Carnivore,School shark,elongated,benthopelagic,NA,reef/unconsolidated,benthopelagic,No,Y,NA
Helcogramma decurrens,Teleost,Non-target,Omnivore,Black-throated triplefin,elongated,benthopelagic,NA,reef,benthopelagic,No,Y,NA
Myliobatis tenuicaudatus,Chondrichthyes,By-catch,Carnivore,Southern eagle ray,other,benthopelagic,NA,reef/seagrass/unconsolidated,benthopelagic,No,Y,NA
Ophthalmolepis lineolatus,Teleost,Non-target,Carnivore,Maori wrasse,elongated,benthopelagic,NA,reef,benthopelagic,No,Y,Old name tus instead of ta - proper version below
Pseudocaranx spp,Teleost,Target,Carnivore,Trevally,fusiform / normal,benthopelagic,#FE162A,reef/seagrass/unconsolidated,benthopelagic,No,Y,NA
Seriola lalandi,Teleost,Target,Carnivore,Yellowtail kingfish,fusiform / normal,benthopelagic,NA,reef/seagrass/unconsolidated,benthopelagic,Yes,Y,NA
Seriolella brama,Teleost,Target,Carnivore,Common warehou,NA,benthopelagic,NA,reef/unconsolidated,benthopelagic,No,Y,NA
Siphamia cephalotes,Teleost,Non-target,Planktivore,Wood's siphonfish,short and / or deep,benthopelagic,NA,reef/seagrass,benthopelagic,No,Y,NA
Thyrsites atun,Teleost,Target,Carnivore,Barracouta,elongated,benthopelagic,NA,reef/unconsolidated,benthopelagic,No,Y,NA
Trachurus declivis,Teleost,Target,Carnivore,Common jack mackerel,fusiform / normal,benthopelagic,NA,reef/unconsolidated,benthopelagic,No,Y,NA
Acanthaluteres spilomelanurus,Teleost,Target,Omnivore,Bridled leatherjacket,short and / or deep,demersal,NA,seagrass,NA,No,Y,bentho pelagic?
Acanthaluteres vittiger,Teleost,Target,Omnivore,Toothbrush leatherjacket,short and / or deep,demersal,NA,reef,NA,No,Y,bentho pelagic?
Anoplocapros amygdaloides,Teleost,Non-target,Carnivore,Western smooth boxfish,short and / or deep,demersal,NA,reef,demersal,No,Y,NA
Anoplocapros lenticularis,Teleost,Non-target,Carnivore,White-barred boxfish,short and / or deep,demersal,NA,reef,demersal,No,Y,NA
Aptychotrema vincentiana,Chondrichthyes,Non-target,Carnivore,Western shovelnose ray,other,demersal,NA,seagrass/unconsolidated,demersal,No,Y,NA
Aracana aurita,Teleost,Non-target,Carnivore,Shaws cowfish,short and / or deep,demersal,NA,reef/seagrass,demersal,No,Y,NA
Aracana ornata,Teleost,Non-target,Carnivore,Ornate cowfish,short and / or deep,demersal,#FDA700,reef/seagrass,demersal,No,Y,NA
Aracana spp,Teleost,Non-target,Carnivore,Cowfish,NA,demersal,NA,reef/seagrass,demersal,No,Y,NA
Bathytoshia brevicaudata,Chondrichthyes,By-catch,Carnivore,Smooth ray,other,demersal,NA,reef/seagrass/unconsolidated,demersal,No,Y,NA
Caesioperca lepidoptera,Teleost,Target,Planktivore,Butterfly perch,short and / or deep,demersal,NA,reef,demersal,No,Y,NA
Caesioperca rasor,Teleost,Target,Planktivore,Barber perch,fusiform / normal,demersal,NA,reef,NA,No,Y,bentho pelagic?
Callorhinchus milii,Chondrichthyes,Target,Carnivore,Elephant fish,elongated,demersal,NA,unconsolidated,demersal,No,Y,NA
Centroberyx gerrardi,Teleost,Target,Carnivore,Bight redfish,fusiform / normal,demersal,NA,reef,NA,No,Y,Also unconsolidated in deep water? benthopelagic?
Chirodactylus spectabilis,Teleost,Target,Carnivore,Banded morwong,short and / or deep,demersal,NA,reef,demersal,No,Y,NA
Chironemus georgianus,Teleost,Target,Herbivore,Western kelpfish,fusiform / normal,demersal,NA,reef,demersal,No,Y,NA
Dotalabrus aurantiacus,Teleost,Non-target,Carnivore,Castelnau's wrasse,Elongated,demersal,NA,reef/seagrass,demersal,No,Y,NA
Eubalichthys bucephalus,Teleost,Target,Omnivore,Black reef leatherjacket,short and / or deep,demersal,NA,reef,demersal,No,Y,NA
Eubalichthys gunnii,Teleost,Target,Omnivore,Gunn's leatherjacket,short and / or deep,demersal,NA,reef,demersal,No,Y,NA
Eupetrichthys angustipes,Teleost,Non-target,Carnivore,Snakeskin wrasse,Elongated,demersal,NA,reef,demersal,No,Y,NA
Furgaleus macki,Chondrichthyes,Target,Carnivore,Whiskery shark,elongated,demersal,NA,reef/seagrass/unconsolidated,demersal,No,Y,NA
Genypterus tigerinus,Teleost,Target,Carnivore,Rock ling,elongated,demersal,NA,reef,demersal,No,Y,NA
Gymnapistes marmoratus,Teleost,Non-target,Carnivore,Soldier,fusiform / normal,demersal,NA,reef/seagrass,demersal,No,Y,NA
Haletta semifasciata,Teleost,By-catch,Carnivore,Blue weed whiting,fusiform / normal,demersal,NA,seagrass,demersal,No,Y,NA
Helotes octolineatus,Teleost,Non-target,Herbivore,Western striped grunter,elongated,demersal,#FFA4C8,seagrass,NA,No,Y,bentho pelagic
Heterodontus portusjacksoni,Chondrichthyes,Non-target,Carnivore,Port Jackson shark,elongated,demersal,NA,reef/seagrass/unconsolidated,demersal,No,Y,NA
Kyphosus sydneyanus,Teleost,By-catch,Herbivore,Silver drummer,short and / or deep,demersal,NA,reef,NA,No,Y,bentho pelagic
Leptoichthys fistularius,Teleost,Non-target,Planktivore,Brushtail pipefish,eel-like,demersal,NA,reef/seagrass,demersal,No,Y,NA
Lotella rhacina,Teleost,Target,Carnivore,Rock cod,elongated,demersal,NA,reef,demersal,No,Y,NA
Meuschenia freycineti,Teleost,Target,Omnivore,Six-spined leatherjacket,short and / or deep,demersal,NA,reef,NA,No,Y,bentho pelagic
Meuschenia hippocrepis,Teleost,Target,Omnivore,Horseshoe leatherjacket,short and / or deep,demersal,NA,reef,NA,No,Y,bentho pelagic
Meuschenia scaber,Teleost,Target,Carnivore,Velvet leatherjacket,short and / or deep,demersal,NA,reef,demersal,No,Y,NA
Mustelus antarcticus,Chondrichthyes,Target,Carnivore,Gummy shark,elongated,demersal,NA,reef/uncosolidated,demersal,No,Y,NA
Nelusetta ayraud,Teleost,Target,Carnivore,Oceanjacket,short and / or deep,demersal,NA,reef/uncosolidated,NA,No,Y,bentho pelagic
Nemadactylus macropterus,Teleost,Target,Carnivore,Jackass morwong,fusiform / normal,demersal,NA,reef/uncosolidated,demersal,No,Y,NA
Nemadactylus valenciennesi,Teleost,Target,Carnivore,Queen snapper,fusiform / normal,demersal,NA,reef,NA,No,Y,bentho pelagic
Neoodax balteatus,Teleost,Non-target,Carnivore,Little weed whiting,elongated,demersal,NA,reef/seagrass,demersal,No,Y,NA
Notorynchus cepedianus,Chondrichthyes,Target,Carnivore,Sevengill shark,elongated,demersal,NA,reef/uncosolidated,demersal,No,Y,NA
Omegophora armilla,Teleost,Non-target,Omnivore,Ringed toadfish,short and / or deep,demersal,NA,seagrass/unconsolidated,demersal,No,Y,NA
Oplegnathus woodwardi,Teleost,Non-target,Carnivore,Knifejaw,short and / or deep,demersal,NA,reef/uncosolidated,demersal,No,Y,NA
Parapercis ramsayi,Teleost,Non-target,Carnivore,Spotted grubfish,elongated,demersal,NA,reef/uncosolidated,demersal,No,Y,NA
Parapriacanthus elongatus,Teleost,Non-target,Planktivore,Elongate bullseye,NA,demersal,#F500C1,reef,demersal,No,Y,NA
Parascyllium ferrugineum,Chondrichthyes,Non-target,Carnivore,Rusty carpetshark,elongated,demersal,NA,reef/seagrass/unconsolidated,demersal,No,Y,NA
Parascyllium variolatum,Chondrichthyes,Non-target,Carnivore,Varied carpetshark,elongated,demersal,NA,reef/seagrass/unconsolidated,demersal,No,Y,NA
Parequula melbournensis,Teleost,Non-target,Carnivore,Silverbelly,short and / or deep,demersal,NA,reef/seagrass/unconsolidated,demersal,No,Y,NA
Paristiopterus gallipavo,Teleost,Target,Omnivore,Yellowspotted boarfish,NA,demersal,NA,reef/seagrass/unconsolidated,demersal,No,Y,NA
Pempheris klunzingeri,Teleost,Non-target,Carnivore,Rough bullseye,short and / or deep,demersal,NA,reef,demersal,No,Y,NA
Pempheris multiradiata,Teleost,Non-target,Planktivore,Bigscale bullseye,short and / or deep,demersal,NA,reef,demersal,No,Y,NA
Platycephalus aurimaculatus,Teleost,Target,Carnivore,Toothy flathead,Elongated,demersal,NA,reef/seagrass/unconsolidated,demersal,No,Y,NA
Platycephalus bassensis,Teleost,Target,Carnivore,Southern sand flathead,fusiform / normal,demersal,NA,reef/seagrass/unconsolidated,demersal,No,Y,NA
Platycephalus grandispinis,Teleost,Target,Carnivore,Longspine flathead,elongated,demersal,NA,reef/seagrass/unconsolidated,demersal,No,Y,NA
Platycephalus speculator,Teleost,Target,Carnivore,Southern bluespotted flathead,elongated,demersal,NA,reef/seagrass/unconsolidated,demersal,No,Y,NA
Pseudophycis bachus,Teleost,Target,Carnivore,Red cod,fusiform / normal,demersal,NA,reef,demersal,No,Y,NA
Pseudophycis barbata,Teleost,Target,Carnivore,Bearded cod,elongated,demersal,NA,reef,demersal,No,Y,NA
Pseudorhombus arsius,Teleost,Target,Carnivore,Largetooth flounder,short and / or deep,demersal,NA,seagrass/unconsolidated,demersal,No,Y,NA
Scorpis aequipinnis,Teleost,Target,Planktivore,Sea sweep,short and / or deep,demersal,NA,reef,NA,No,Y,bentho pelagic
Sillaginodes punctatus,Teleost,Target,Carnivore,King George whiting,elongated,demersal,NA,reef/seagrass,demersal,Yes,Y,NA
Sillago schomburgkii,Teleost,Target,Carnivore,Yellowfin whiting,elongated,demersal,NA,seagrass/unconsolidated,demersal,No,Y,NA
Sillago spp,Teleost,Target,Carnivore,Sand whiting,elongated,demersal,NA,seagrass/unconsolidated,demersal,No,Y,NA
Siphonognathus attenuatus,Teleost,Non-target,Planktivore,Slender weed whiting,elongated,demersal,NA,seagrass/unconsolidated,demersal,No,Y,NA
Siphonognathus beddomei,Teleost,Non-target,Planktivore,Pencil weed whiting,elongated,demersal,NA,seagrass/unconsolidated,demersal,No,Y,NA
Siphonognathus caninis,Teleost,Non-target,Planktivore,Sharpnose weed whiting,elongated,demersal,NA,seagrass/unconsolidated,demersal,No,Y,NA
Siphonognathus radiatus,Teleost,Non-target,Planktivore,Longray weed whiting,elongated,demersal,NA,seagrass/unconsolidated,demersal,No,Y,NA
Siphonognathus tanyourus,Teleost,Non-target,Planktivore,Longtail weed whiting,elongated,demersal,NA,seagrass/unconsolidated,demersal,No,Y,NA
Spiniraja whitleyi,Chondrichthyes,By-catch,Carnivore,Melbourne skate,other,demersal,NA,reef/uncosolidated,demersal,No,Y,NA
Squalus megalops,Chondrichthyes,Target,Carnivore,Shortnose spurdog,elongated,demersal,NA,reef/uncosolidated,demersl,No,Y,NA
Tetractenos glaber,Teleost,Non-target,Carnivore,Smooth toadfish,short and / or deep,demersal,NA,reef/seagrass,demersal,No,Y,NA
Thamnaconus degeni,Teleost,Target,Omnivore,Bluefin leatherjacket,short and / or deep,demersal,#941CCB,Sand/seagrass,demersl,No,Y,NA
Tilodon sexfasciatus,Teleost,Non-target,Carnivore,Moonlighter,short and / or deep,demersal,NA,reef,demersal,No,Y,NA
Torquigener pleurogramma,Teleost,Non-target,Carnivore,Weeping toadfish,fusiform / normal,demersal,NA,reef/seagrass,demersal,No,Y,NA
Trygonoptera mucosa,Chondrichthyes,By-catch,Carnivore,Western shovelnose stingaree,other,demersal,NA,seagrass/unconsolidated,demersal,No,Y,NA
Trygonorrhina dumerilii,Chondrichthyes,By-catch,Carnivore,Southern fiddler ray,other,demersal,NA,seagrass/unconsolidated,demersal,No,Y,NA
Upeneichthys vlamingii,Teleost,Target,Carnivore,Goatfish,fusiform / normal,demersal,#4BDCFF,reef/seagrass/unconsilidated,demersal,No,Y,NA
Urolophus gigas,Chondrichthyes,Non-target,Carnivore,Spotted stingaree,other,demersal,NA,reef/seagrass/unconsolidated,demersal,No,Y,NA
Urolophus spp,Chondrichthyes,Non-target,Carnivore,Stingaree,other,demersal,NA,reef/seagrass/unconsolidated,demersal,No,Y,NA
Austrodromidia octodentata,Invertebrate,Non-target,NA,Sponge crab,NA,NA,NA,NA,Benthic,No,Y,Benthic for these ?
Coscinasterias muricata,Invertebrate,Non-target,NA,Eleven arm seastar,NA,NA,NA,reef/uncosolidated,Benthic,No,Y,NA
Diogenidae spp,Invertebrate,Non-target,NA,Hermit crab,NA,NA,NA,NA,Benthic,No,Y,NA
Guinusia chabrus,Invertebrate,Non-target,NA,Red bait crab,NA,NA,NA,NA,Benthic,No,Y,NA
Jasus edwardsii,Invertebrate,Target,NA,Southern rock lobster,NA,NA,NA,NA,Benthic,No,Y,NA
Leptomithrax gaimardii,Invertebrate,Non-target,NA,Spider crab,NA,NA,#F36600,reef/seagrass/unconsolidated,Benthic,No,Y,NA
Macroctopus maorum,Invertebrate,Target,NA,Maori octopus,NA,NA,NA,NA,Benthic,No,Y,NA
Melicertus latisulcatus,Invertebrate,Target,NA,King prawn,NA,NA,NA,reef/seagrass/unconsolidated,Benthic,No,Y,NA
Monacanthidae spp,Teleost,Non-target,Omnivore,Leatherjacket,NA,NA,#CA162E,NA,demersal,No,Y,NA
Naxia aurita,Invertebrate,Non-target,NA,Decorator crab,NA,NA,NA,reef/seagrass,Benthic,No,Y,NA
Nectocarcinus integrifrons,Invertebrate,Non-target,NA,Rough rock crab,NA,NA,#00F7C0,reef/seagrass/unconsolidated,Benthic,No,Y,NA
Neophoca cinerea,Other,Non-target,NA,Australian sealion,NA,NA,NA,reef/unconsolidated,NA,Yes,Y,bentho pelagic
Nil Nil,Empty,NA,NA,N/A,NA,NA,NA,NA,NA,NA,NA,NA
Octopodidae spp,Invertebrate,Target,NA,Octopus,NA,NA,NA,reef/seagrass/unconsolidated,Benthic,No,Y,?
Ovalipes australiensis,Invertebrate,By-catch,NA,Sand crab,NA,NA,NA,unconsolidated,Benthic,No,Y,NA
Ozius truncatus,Invertebrate,Non-target,NA,Reef crab,NA,NA,NA,NA,Benthic,No,Y,NA
Pectinidae spp,Invertebrate,Target,NA,Scallop,NA,NA,NA,seagrass/unconsolidated,Benthic,No,Y,NA
Phalacrocorax fuscescens,Other,Non-target,NA,Cormorant,NA,NA,NA,NA,NA,NA,Y,NA
Phalacrocorax spp,Other,Non-target,NA,Cormorant,NA,NA,NA,NA,NA,NA,Y,NA
Portunus armatus,Invertebrate,Target,NA,Blue swimmer crab,NA,NA,#00A5AB,reef/seagrass/unconsolidated,Benthic,Yes,Y,NA
Pycnogonidae spp,Invertebrate,Non-target,NA,Sea spider,NA,NA,NA,NA,Benthic,No,Y,NA
Sagaminopteron ornatum,Invertebrate,Non-target,NA,Batwing seaslug,NA,NA,NA,NA,NA,No,Y,NA
Sepia apama,Invertebrate,Target,NA,Giant cuttlefish,NA,NA,NA,NA,Demersal,Yes,Y,?
Sepioteuthis australis,Invertebrate,Target,NA,Southern calamari,NA,NA,NA,reef/seagrass,Benthopelagic,Yes,Y,?
Tursiops spp,Other,Non-target,NA,Bottlenose dolphin,NA,NA,NA,reef/seagrass/unconsolidated,pelagic,Yes,Y,?
Arripis georgianus,Teleost,Target,Carnivore,Australian herring,fusiform / normal,pelagic-neritic,NA,reef/seagrass/unconsolidated,pelagic-neritic,Yes,Y,?
Atherinidae spp,Teleost,Non-target,Planktivore,Hardyhead,elongated,pelagic-neritic,NA,seagrass/unconsolidated,pelagic-neritic,No,Y,NA
Dinolestes lewini,Teleost,Target,Carnivore,Longfin pike,elongated,pelagic-neritic,#2242B4,reef/seagrass,pelagic-neritic,No,Y,NA
Engraulis australis,Teleost,Target,Planktivore,Anchovy,elongated,pelagic-neritic,#A3809F,reef/seagrass,pelagic-neritic,No,Y,NA
Hyperlophus vittatus,Teleost,Target,Planktivore,Sandy sprat,elongated,pelagic-neritic,NA,seagrass/unconsolidated,pelagic-neritic,No,Y,NA
Hyporhamphus melanochir,Teleost,Target,Omnivore,Southern garfish,elongated,pelagic-neritic,NA,reef/seagrass/unconsolidated,pelagic-neritic,Yes,Y,NA
Iso rhothophilus,Teleost,Non-target,Planktivore,Surf sardine,elongated,pelagic-neritic,NA,reef/unconsolidated,pelagic-neritic,No,Y,NA
Olisthops cyanomelas,Teleost,Non-target,Herbivore,Herring cale,fusiform / normal,pelagic-neritic,NA,reef,pelagic-neritic,No,Y,NA
Scomber australasicus,Teleost,Target,Carnivore,Blue mackerel,fusiform / normal,pelagic-neritic,NA,reef/seagrass/unconsolidated,pelagic-neritic,No,Y,NA
Seriola hippos,Teleost,Target,Carnivore,Samson fish,fusiform / normal,pelagic-neritic,NA,reef,NA,Yes,Y,bentho pelagic? iconic?
Sphyraena novaehollandiae,Teleost,Target,Carnivore,Snook,elongated,pelagic-neritic,NA,reef/seagrass,NA,No,Y,bentho pelagic?
Carcharodon carcharias,Chondrichthyes,Non-target,Carnivore,White shark,fusiform / normal,pelagic-oceanic,NA,reef/seagrass/unconsolidated,pelagic-oceanic,Yes,Y,NA
Sphyrna zygaena,Chondrichthyes,By-catch,Carnivore,Smooth hammerhead,elongated,pelagic-oceanic,NA,unconsolidated,pelagic-oceanic,No,Y,NA
Trachurus novaezelandiae,Teleost,Target,Carnivore,Yellowtail scad,fusiform / normal,pelagic-oceanic,#00FBF8,reef,NA,No,Y,bentho pelagic
Acanthaluteres brownii,Teleost,Target,Omnivore,Spiny-tailed leatherjacket,short and / or deep,reef-associated,NA,reef/seagrass,NA,No,Y,bentho pelagic
Achoerodus gouldii,Teleost,Target,Carnivore,Western blue groper,fusiform / normal,reef-associated,NA,reef,Demersal,Yes,Y,?
Aplodactylus arctidens,Teleost,Non-target,Herbivore,Marblefish,elongated,reef-associated,NA,reef,Demersal,No,Y,NA
Asymbolus vincenti,Chondrichthyes,Non-target,Carnivore,Gulf catshark,elongated,reef-associated,NA,reef,Demersal,No,Y,NA
Austrolabrus maculatus,Teleost,Non-target,Carnivore,Black-spotted wrasse,short and / or deep,reef-associated,NA,reef,Demersal,No,Y,NA
Bodianus frenchii,Teleost,Target,Carnivore,Foxfish,fusiform / normal,reef-associated,NA,reef,NA,NA,Y,?
Brachaluteres jacksonianus,Teleost,Non-target,Omnivore,Southern Pygmy leatherjacket,short and / or deep,reef-associated,NA,reef/seagrass,Demersal,NA,Y,NA
Carcharhinus brachyurus,Chondrichthyes,Target,Carnivore,Bronze whaler,fusiform / normal,reef-associated,NA,reef/seagrass/unconsolidated,NA,NA,Y,benthopelagic?
Chelmonops curiosus,Teleost,Non-target,Carnivore,Western talma,short and / or deep,reef-associated,NA,reef,Demersal,No,Y,NA
Chironemus maculosus,Teleost,Non-target,Herbivore,Silver spot,fusiform / normal,reef-associated,NA,reef,Demersal,No,Y,NA
Chrysophrys auratus,Teleost,Target,Carnivore,Snapper,short and / or deep,reef-associated,#A9263B,reef/seagrass/unconsolidated,NA,Yes,Y,bentho pelagic
Coris auricularis,Teleost,Non-target,Carnivore,Western king wrasse,fusiform / normal,reef-associated,NA,reef,Demersal,No,Y,NA
Dactylophora nigricans,Teleost,Target,Omnivore,Dusky morwong,elongated,reef-associated,NA,reef,Demersal,No,Y,NA
Diodon nicthemerus,Teleost,Non-target,Carnivore,Globefish,short and / or deep,reef-associated,NA,reef/seagrass,Demersal,No,Y,NA
Enoplosus armatus,Teleost,Non-target,Carnivore,Old wife,elongated,reef-associated,NA,reef,Demersal,No,Y,NA
Eubalichthys cyanoura,Teleost,Target,Omnivore,Bluetail leatherjacket,short and / or deep,reef-associated,NA,reef,Demersal,No,Y,NA
Eubalichthys mosaicus,Teleost,Target,Omnivore,Mosaic leatherjacket,short and / or deep,reef-associated,NA,reef,Demersal,No,Y,NA
Girella zebra,Teleost,By-catch,Herbivore,Zebra fish,short and / or deep,reef-associated,NA,reef,Demersal,No,Y,NA
Gobiesocidae spp,Teleost,Non-target,Omnivore,Clingfish,elongated,reef-associated,NA,reef,Demersal,No,Y,NA
Gobiidae spp,Teleost,Non-target,Omnivore,Goby,elongated,reef-associated,NA,reef/seagrass/unconsolidated,Benthic,No,Y,?
Gymnothorax prasinus,Teleost,Non-target,Carnivore,Green moray,eel-like,reef-associated,NA,reef,Demersal,No,Y,NA
Heteroscarus acroptilus,Teleost,Non-target,Omnivore,Rainbow cale,fusiform / normal,reef-associated,NA,reef,Demersal,No,Y,NA
Hippocampus spp,Teleost,Non-target,Planktivore,Seahorse,elongated,reef-associated,NA,NA,NA,NA,Y,?
Hypoplectrodes nigroruber,Teleost,Target,Carnivore,Banded seaperch,fusiform / normal,reef-associated,NA,reef,Demersal,No,Y,NA
Latropiscis purpurissatus,Teleost,Target,Carnivore,Sergeant baker,elongated,reef-associated,NA,reef,Demersal,No,Y,NA
Meuschenia australis,Teleost,Target,Omnivore,Southern leatherjacket,short and / or deep,reef-associated,NA,reef,Demersal,No,Y,NA
Meuschenia flavolineata,Teleost,Target,Omnivore,Yellow-striped leatherjacket,short and / or deep,reef-associated,NA,reef,NA,NA,Y,benthopelagic leatherjackets?
Meuschenia galii,Teleost,Target,Omnivore,Blue-lined leatherjacket,short and / or deep,reef-associated,NA,reef,NA,NA,Y,NA
Meuschenia venusta,Teleost,Target,Omnivore,Stars and stripes leatherjacket,short and / or deep,reef-associated,NA,reef,NA,NA,Y,NA
Monacanthidae juvenile,Teleost,Non-target,Omnivore,Leatherjacket juvenile,short and / or deep,reef-associated,#1CB4FB,reef/seagrass/unconsolidated,NA,NA,Y,NA
Neatypus obliquus,Teleost,Non-target,Planktivore,Footballer sweep,short and / or deep,reef-associated,NA,reef,NA,NA,Y,NA
Neosebastes bougainvillii,Teleost,Target,Carnivore,Gulf gurnard perch,short and / or deep,reef-associated,NA,reef/seagrass/unconsolidated,NA,NA,Y,NA
Neosebastes pandus,Teleost,Target,Carnivore,Bighead gurnard perch,short and / or deep,reef-associated,NA,reef/seagrass/unconsolidated,NA,NA,Y,NA
Neosebastes scorpaenoides,Teleost,Target,Carnivore,Common gurnard perch,short and / or deep,reef-associated,NA,reef/seagrass/unconsolidated,NA,NA,Y,NA
Notolabrus fucicola,Teleost,Non-target,Carnivore,Purple wrasse,fusiform / normal,reef-associated,NA,reef,NA,NA,Y,NA
Notolabrus parilus,Teleost,Non-target,Carnivore,Brownspotted wrasse,fusiform / normal,reef-associated,NA,reef,NA,NA,Y,NA
Notolabrus tetricus,Teleost,Target,Carnivore,Bluethroat wrasse,short and / or deep,reef-associated,NA,reef,NA,NA,Y,NA
Omegophora cyanopunctata,Teleost,Non-target,Omnivore,Bluespotted toadfish,short and / or deep,reef-associated,NA,reef,NA,NA,NA,NA
Othos dentex,Teleost,Target,Carnivore,Harlequin fish,fusiform / normal,reef-associated,NA,reef,NA,NA,Y,NA
Parapercis haackei,Teleost,Non-target,Carnivore,Wavy grubfish,elongated,reef-associated,NA,reef/unconsolidated,NA,NA,Y,seagreass ?
Paraplesiops meleagris,Teleost,By-catch,Carnivore,Southern blue devil,elongated,reef-associated,NA,reef,NA,Yes,Y,NA
Parma victoriae,Teleost,Non-target,Herbivore,Victorian scalyfin,short and / or deep,reef-associated,NA,reef,NA,NA,Y,NA
Pentaceropsis recurvirostris,Teleost,Target,Omnivore,Longsnout boarfish,short and / or deep,reef-associated,NA,reef,NA,NA,Y,NA
Phyllopteryx taeniolatus,Teleost,Non-target,Carnivore,Weedy seadragon,other,reef-associated,NA,reef/seagrass,NA,NA,NA,NA
Pictilabrus laticlavius,Teleost,Non-target,Carnivore,Senator wrasse,fusiform / normal,reef-associated,NA,reef,NA,NA,Y,NA
Pseudogoniistius nigripes,Teleost,Target,Omnivore,Magpie perch,fusiform / normal,reef-associated,NA,reef,NA,NA,Y,NA
Pseudolabrus rubicundus,Teleost,Non-target,Carnivore,Rosy wrasse,fusiform / normal,reef-associated,NA,reef,NA,NA,Y,NA
Scobinichthys granulatus,Teleost,Target,Omnivore,Rough leatherjackets,short and / or deep,reef-associated,NA,reef,NA,NA,Y,NA
Scorpis georgiana,Teleost,Target,Planktivore,Banded sweep,short and / or deep,reef-associated,NA,reef,NA,NA,Y,NA
Scorpis lineolata,Teleost,Target,Planktivore,Silver sweep,short and / or deep,reef-associated,NA,reef,NA,NA,Y,NA
Sphyraena forsteri,Teleost,Target,Carnivore,Bigeye barracuda,elongated,reef-associated,NA,NA,NA,NA,Y,NA
Sutorectus tentaculatus,Chondrichthyes,Non-target,Carnivore,Cobbler wobbegong,elongated,reef-associated,NA,NA,NA,NA,NA,NA
Syngnathidae spp,Teleost,Non-target,Planktivore,Pipefish,elongated,reef-associated,NA,NA,NA,NA,NA,NA
Trachichthys australis,Teleost,Non-target,Planktivore,Southern roughy,short and / or deep,reef-associated,NA,NA,NA,NA,NA,NA
Trachinops noarlungae,Teleost,Non-target,Carnivore,Yellowhead hulafish,elongated,reef-associated,NA,NA,NA,NA,NA,NA
Vincentia conspersa,Teleost,Non-target,Planktivore,Southern cardinalfish,Elongated,reef-associated,NA,NA,NA,NA,NA,NA
Allomycterus pilatus,NA,NA,NA,Australian burrfish,NA,NA,NA,NA,NA,NA,Y,NA
Ammotretis elongatus,NA,NA,NA,Elongate flounder,NA,NA,NA,NA,NA,NA,Y,NA
Ammotretis spp,NA,NA,NA,NA,NA,NA,NA,NA,NA,NA,NA,NA
Arctocephalus forsteri,NA,NA,NA,Fur seal,NA,NA,NA,NA,NA,NA,Y,NA
Arripis trutta,NA,NA,NA,NA,NA,NA,NA,NA,NA,NA,NA,NA
Asteriidae spp,NA,NA,NA,NA,NA,NA,NA,NA,NA,NA,NA,NA
Atherinosoma microstoma,NA,NA,NA,Smallmouth hardyhead,NA,NA,NA,NA,NA,NA,Y,NA
Australaria australasia,NA,NA,NA,NA,NA,NA,NA,NA,NA,NA,NA,NA
Cheilinus nigripes,NA,NA,NA,NA,NA,NA,NA,NA,NA,NA,Y,old name magpie perch
Cheilio nigripes,NA,NA,NA,NA,NA,NA,NA,NA,NA,NA,Y,old name magpie perch
Cheilodactylus nigripes,NA,NA,NA,NA,NA,NA,NA,NA,NA,NA,Y,old name magpie perch
Cheilodactylus spectabilis,NA,NA,NA,Banded morwong,NA,NA,NA,NA,NA,NA,Y,NA
Chelidonichthys kumu,NA,NA,NA,Red gurnard,NA,NA,NA,NA,NA,NA,Y,NA
Cnidoglanis macrocephalus,NA,NA,NA,Estuary cobbler,NA,NA,NA,NA,NA,NA,Y,NA
Conidae spp,NA,NA,NA,NA,NA,NA,NA,NA,NA,NA,NA,NA
Contusus brevicaudus,NA,NA,NA,Prickly toadfish,NA,NA,NA,NA,NA,NA,Y,NA
Contusus richei,NA,NA,NA,Barred toadfish,NA,NA,NA,NA,NA,NA,Y,NA
Dasella brevicaudata,NA,NA,NA,NA,NA,NA,NA,NA,NA,NA,NA,NA
Diodon nichthemerus,NA,NA,NA,Globefish,NA,NA,NA,NA,NA,NA,Y,NA
Diogenes spp,NA,NA,NA,NA,NA,NA,NA,NA,NA,NA,NA,NA
Eocallionymus papilio,NA,NA,NA,Painted stinkfish,NA,NA,NA,NA,NA,NA,Y,NA
Equichlamys bifrons,NA,NA,NA,NA,NA,NA,NA,NA,NA,NA,NA,NA
Haletta spp,NA,NA,NA,NA,NA,NA,NA,NA,NA,NA,Y,? weed whiting
Hapalochlaena spp,NA,NA,NA,NA,NA,NA,NA,NA,NA,NA,NA,NA
Heptranchias perlo,NA,NA,NA,Sharpnose sevengill shark,NA,NA,NA,NA,NA,NA,Y,NA
Ibacus peronii,NA,NA,NA,NA,NA,NA,NA,NA,NA,NA,NA,NA
Labrus laticlavis,NA,NA,NA,NA,NA,NA,NA,NA,NA,NA,Y,? old name laticlavius
Lepidotrigla papilio,NA,NA,NA,Spiny gurnard,NA,NA,NA,NA,NA,NA,Y,NA
Lepidotrigla spp,NA,NA,NA,NA,NA,NA,NA,NA,NA,NA,Y,NA
Lepidotrigla vanessa,NA,NA,NA,Butterfly gurnard,NA,NA,NA,NA,NA,NA,Y,NA
Lissocampus runa,NA,NA,NA,Javelin pipefish,NA,NA,NA,NA,NA,NA,Y,?
Maxillicosta scabriceps,NA,NA,NA,Little gurnard perch,NA,NA,NA,NA,NA,NA,Y,NA
Meuschenia scabra,NA,NA,NA,Velvet leatherjacket,NA,NA,NA,NA,NA,NA,Y,old name?
Nesogobius pulchellus,NA,NA,NA,Sailfin goby,NA,NA,NA,sand,NA,NA,Y,?
Nesogobius spp,NA,NA,NA,Gobies,NA,NA,NA,NA,NA,NA,Y,?
Nototodarus gouldi,NA,NA,NA,Gould's squid,NA,NA,NA,NA,NA,NA,Y,?
Octopus bunurong,NA,NA,NA,NA,NA,NA,NA,NA,NA,NA,NA,NA
Octopus spp,NA,NA,NA,NA,NA,NA,NA,NA,NA,NA,NA,NA
Odax cyanomelas,NA,NA,NA,NA,NA,NA,NA,NA,NA,NA,Y,old name
Omobranchus anolius,NA,NA,NA,Oyster blenny,NA,NA,NA,NA,NA,NA,Y,NA
Ophionereis schayeri,NA,NA,NA,NA,NA,NA,NA,NA,NA,NA,NA,NA
Ophthalmolepis lineolata,Teleost,Non-target,Carnivore,NA,elongated,benthopelagic,NA,NA,NA,NA,Y,NA
Ovalipidae spp,NA,NA,NA,NA,NA,NA,NA,NA,NA,NA,NA,NA
Paguristes frontalis,NA,NA,NA,Common hermit crab,NA,NA,NA,NA,NA,NA,NA,NA
Parablennius tasmanianus,NA,NA,NA,Tasmanian blenny,NA,NA,NA,NA,NA,NA,Y,NA
Parazanclistius hutchinsi,NA,NA,NA,Short boarfish,NA,NA,NA,NA,NA,NA,Y,NA
Parequula elongata,NA,NA,NA,NA,NA,NA,NA,NA,NA,NA,NA,NA
Pecten fumatus,NA,NA,NA,NA,NA,NA,NA,NA,NA,NA,NA,NA
Pelates octolineatus,NA,NA,NA,Western striped grunter,NA,NA,NA,NA,NA,NA,Y,old name
Penaeidae spp,NA,NA,NA,NA,NA,NA,NA,NA,NA,NA,NA,NA
Phalacrocorax varius,NA,NA,NA,NA,NA,NA,NA,NA,NA,NA,NA,NA
Phylum Cnidaria spp,NA,NA,NA,NA,NA,NA,NA,NA,NA,NA,NA,NA
Pinna dolabrata,NA,NA,NA,NA,NA,NA,NA,NA,NA,NA,NA,NA
Platycephalus laevigatus,NA,NA,NA,Rock flathead,NA,NA,NA,NA,NA,NA,Y,NA
Platycephalus spp,NA,NA,NA,NA,NA,NA,NA,NA,NA,NA,Y,NA
Pleuronectidae spp,NA,NA,NA,NA,NA,NA,NA,NA,NA,NA,NA,NA
Polychaeta spp,NA,NA,NA,NA,NA,NA,NA,NA,NA,NA,NA,NA
Portunidae australiensis,NA,NA,NA,NA,NA,NA,NA,NA,NA,NA,NA,NA
Portunus australiensis,NA,NA,NA,NA,NA,NA,NA,NA,NA,NA,NA,NA
Pseudocaranx georgianus,NA,NA,NA,Silver trevally,NA,NA,NA,NA,NA,NA,Y,should be sp.
Pseudophycis palmata,NA,NA,NA,Australian red cod,NA,NA,NA,NA,NA,NA,Y,NA
Rhombosolea spp,NA,NA,NA,NA,NA,NA,NA,NA,NA,NA,NA,NA
Sillago bassensis,NA,NA,NA,Southern School Whiting,NA,NA,NA,NA,NA,NA,Y,NA
Siphonognathus spp,NA,NA,NA,NA,NA,NA,NA,NA,NA,NA,NA,NA
Trachurus spp,NA,NA,NA,NA,NA,NA,NA,NA,NA,NA,NA,NA
Tursiops aduncus,NA,NA,NA,NA,NA,NA,NA,NA,NA,NA,NA,NA
Unknown australiensis,NA,NA,NA,NA,NA,NA,NA,NA,NA,NA,NA,NA
Unknown spp,NA,NA,NA,NA,NA,NA,NA,NA,NA,NA,NA,NA
Urolophus cruciatus,NA,NA,NA,NA,NA,NA,NA,NA,NA,NA,NA,NA
Urolophus paucimaculatus,NA,NA,NA,NA,NA,NA,NA,NA,NA,NA,NA,NA
