"Period","Status","response","SE","df","asymp.LCL","asymp.UCL","reporting_name","metric","1","metric_id"
"Pre-bloom","Fished",59.542266228872386,11.599428711926798,Inf,40.644594031407166,87.22639633035539,"Aldinga - Aldinga Reef Sanctuary Zone","Total abundance",NA,"total_abundance"
"Bloom","Fished",41.449923047940025,17.790365216550533,Inf,17.872562735470837,96.13037291346723,"Aldinga - Aldinga Reef Sanctuary Zone","Total abundance",NA,"total_abundance"
"Pre-bloom","No-take",76.89038577025345,12.376424505633484,Inf,56.08684372777512,105.41030714072093,"Aldinga - Aldinga Reef Sanctuary Zone","Total abundance",NA,"total_abundance"
"Bloom","No-take",86.13235541894795,36.862107004786026,Inf,37.22864039006506,199.27621777978675,"Aldinga - Aldinga Reef Sanctuary Zone","Total abundance",NA,"total_abundance"
"Pre-bloom","Fished",41.10861589508101,10.481423595898159,Inf,24.940366401604873,67.7583590231683,"Bay of Shoals - Bay of Shoals Sanctuary Zone","Total abundance",NA,"total_abundance"
"Bloom","Fished",27.65401295117224,8.842177630416103,Inf,14.777208783536992,51.751615850186084,"Bay of Shoals - Bay of Shoals Sanctuary Zone","Total abundance",NA,"total_abundance"
"Pre-bloom","No-take",63.89396394805897,16.22760032604208,Inf,38.83954892660584,105.1103512224188,"Bay of Shoals - Bay of Shoals Sanctuary Zone","Total abundance",NA,"total_abundance"
"Bloom","No-take",30.902673007863864,9.810320424438741,Inf,16.587264331554067,57.5727968122086,"Bay of Shoals - Bay of Shoals Sanctuary Zone","Total abundance",NA,"total_abundance"
"Pre-bloom","Fished",53.8050957844205,26.587939916238252,Inf,20.426773074627743,141.7251918251616,"Boston Bay","Total abundance",NA,"total_abundance"
"Bloom","Fished",37.10402538438835,25.645270103657015,Inf,9.574017177620778,143.79634736225313,"Boston Bay","Total abundance",NA,"total_abundance"
"Pre-bloom","Fished",16.48761087056556,3.0674235147002165,Inf,11.449767374985887,23.74208167871417,"Cape Elizabeth - Cape Elizabeth Sanctuary Zone","Total abundance",NA,"total_abundance"
"Bloom","Fished",15.006366119251936,2.8130581498232785,Inf,10.392290919170508,21.669045435364577,"Cape Elizabeth - Cape Elizabeth Sanctuary Zone","Total abundance",NA,"total_abundance"
"Pre-bloom","No-take",19.16430478973363,3.52237125874759,Inf,13.367293001306388,27.47531441391417,"Cape Elizabeth - Cape Elizabeth Sanctuary Zone","Total abundance",NA,"total_abundance"
"Bloom","No-take",14.86343246496057,2.782289754579288,Inf,10.298701671603368,21.45140539895349,"Cape Elizabeth - Cape Elizabeth Sanctuary Zone","Total abundance",NA,"total_abundance"
"Pre-bloom","Fished",39.56783969678456,11.001762949320728,Inf,22.943906346517377,68.23659034452443,"Carrickalinga - Carrickalinga Cliffs Sanctuary Zone","Total abundance",NA,"total_abundance"
"Bloom","Fished",92.52085914674454,63.54645704337693,Inf,24.077180675940152,355.52789558146605,"Carrickalinga - Carrickalinga Cliffs Sanctuary Zone","Total abundance",NA,"total_abundance"
"Pre-bloom","No-take",57.39837976339331,16.12931496280837,Inf,33.090742264537695,99.56180411804812,"Carrickalinga - Carrickalinga Cliffs Sanctuary Zone","Total abundance",NA,"total_abundance"
"Bloom","No-take",91.54332439740082,62.82296704419039,Inf,23.849373153336305,351.37947600754654,"Carrickalinga - Carrickalinga Cliffs Sanctuary Zone","Total abundance",NA,"total_abundance"
"Pre-bloom","Fished",21.73478985518348,4.844323615352559,Inf,14.042251953920097,33.641405352872134,"Chinamans Hat - Chinamans Hat Sanctuary Zone","Total abundance",NA,"total_abundance"
"Bloom","Fished",19.370112718936735,4.42012341077292,Inf,12.384941111124494,30.29495767301619,"Chinamans Hat - Chinamans Hat Sanctuary Zone","Total abundance",NA,"total_abundance"
"Pre-bloom","No-take",20.996896766587234,4.684159565541286,Inf,13.560075469824794,32.51233186775308,"Chinamans Hat - Chinamans Hat Sanctuary Zone","Total abundance",NA,"total_abundance"
"Bloom","No-take",22.8725760709891,5.151995363625968,Inf,14.709024894363392,35.56692166070506,"Chinamans Hat - Chinamans Hat Sanctuary Zone","Total abundance",NA,"total_abundance"
"Pre-bloom","Fished",160.00001260128843,50.252450962343616,Inf,86.45229248667876,296.11712189537485,"Cuttlefish Coast - Fairway Bank Sanctuary Zone","Total abundance",NA,"total_abundance"
"Bloom","Fished",161.6249668186808,50.76079205834251,Inf,87.33243901929698,299.1171458450578,"Cuttlefish Coast - Fairway Bank Sanctuary Zone","Total abundance",NA,"total_abundance"
"Pre-bloom","No-take",108.87499901173082,34.25874431257864,Inf,58.76084256104671,201.72898980285208,"Cuttlefish Coast - Fairway Bank Sanctuary Zone","Total abundance",NA,"total_abundance"
"Bloom","No-take",92.91664725439402,23.895887681652585,Inf,56.128744190288046,153.8160787586504,"Cuttlefish Coast - Fairway Bank Sanctuary Zone","Total abundance",NA,"total_abundance"
"Pre-bloom","No-take",90.02605602904687,16.30031517602278,Inf,63.13174678573355,128.37741986851813,"Dangerous Reef - Dangerous Reef Sanctuary Zone","Total abundance",NA,"total_abundance"
"Bloom","No-take",114.16431626610773,32.857573718688435,Inf,64.9451160805832,200.68469955979532,"Dangerous Reef - Dangerous Reef Sanctuary Zone","Total abundance",NA,"total_abundance"
"Pre-bloom","Fished",42.53029280311553,20.307807174905367,Inf,16.682371729595737,108.42737682854481,"Glenelg","Total abundance",NA,"total_abundance"
"Bloom","Fished",19.746536171782466,12.954323009663772,Inf,5.458546978234147,71.43397177643331,"Glenelg","Total abundance",NA,"total_abundance"
"Pre-bloom","Fished",24.694447401720883,6.055721103002428,Inf,15.270826530900353,39.933380897386506,"Middle/Long Spit - Middle Spit Sanctuary Zone","Total abundance",NA,"total_abundance"
"Bloom","Fished",68.21714205265471,28.891680754187135,Inf,29.7432342614969,156.4583874409449,"Middle/Long Spit - Middle Spit Sanctuary Zone","Total abundance",NA,"total_abundance"
"Pre-bloom","No-take",27.19475336993788,8.255969006139303,Inf,14.999319121482626,49.30587881102736,"Middle/Long Spit - Middle Spit Sanctuary Zone","Total abundance",NA,"total_abundance"
"Bloom","No-take",263.3888406618438,120.68816188968718,Inf,107.29163205232945,646.589860347678,"Middle/Long Spit - Middle Spit Sanctuary Zone","Total abundance",NA,"total_abundance"
"Pre-bloom","Fished",44.46152625565278,15.079553614269267,Inf,22.871317826784363,86.43259351969039,"O'Sullivan","Total abundance",NA,"total_abundance"
"Bloom","Fished",55.87001406754705,27.301456488489503,Inf,21.440277384583172,145.58853021894296,"O'Sullivan","Total abundance",NA,"total_abundance"
"Pre-bloom","Fished",86.04754841235915,9.028885021817183,Inf,70.052357708101,105.69495203329973,"Offshore Ardrossan - Offshore Ardrossan Sanctuary Zone","Total abundance",NA,"total_abundance"
"Bloom","Fished",122.11750045333018,25.126587419366242,Inf,81.58998138143089,182.77592008818723,"Offshore Ardrossan - Offshore Ardrossan Sanctuary Zone","Total abundance",NA,"total_abundance"
"Pre-bloom","No-take",41.8934905567001,6.740875061129963,Inf,30.562149982597926,57.42608265529924,"Offshore Ardrossan - Offshore Ardrossan Sanctuary Zone","Total abundance",NA,"total_abundance"
"Bloom","No-take",90.66652940737812,18.841475488980116,Inf,60.33345531110932,136.24977240886318,"Offshore Ardrossan - Offshore Ardrossan Sanctuary Zone","Total abundance",NA,"total_abundance"
"Pre-bloom","No-take",34.16666666666665,4.626412661646988,Inf,26.202564167084684,44.551407399186274,"Orcades Bank - Orcades Bank Sanctuary Zone","Total abundance","overall","total_abundance"
"Pre-bloom","Fished",15.12435838812759,4.0258744055867055,Inf,8.976355459728785,25.483195009240063,"Port Gibbon - Port Gibbon Sanctuary Zone","Total abundance",NA,"total_abundance"
"Bloom","Fished",31.199561665120036,8.856858910227633,Inf,17.885923982658657,54.42339177105988,"Port Gibbon - Port Gibbon Sanctuary Zone","Total abundance",NA,"total_abundance"
"Pre-bloom","No-take",24.81072364904183,6.295471549131314,Inf,15.088831276303033,40.79653332434551,"Port Gibbon - Port Gibbon Sanctuary Zone","Total abundance",NA,"total_abundance"
"Bloom","No-take",39.35260944461719,9.91374321332469,Inf,24.01807024423381,64.47761432758585,"Port Gibbon - Port Gibbon Sanctuary Zone","Total abundance",NA,"total_abundance"
"Pre-bloom","No-take",51.09039141395343,11.199409349602142,Inf,33.24675488005372,78.51076305786955,"Port Noarlunga - Port Noarlunga Reef Sanctuary Zone","Total abundance",NA,"total_abundance"
"Bloom","No-take",28.711103359203808,12.499580155619682,Inf,12.23131983374387,67.39480835328355,"Port Noarlunga - Port Noarlunga Reef Sanctuary Zone","Total abundance",NA,"total_abundance"
"Pre-bloom","Fished",27.65098291001868,4.911231945043714,Inf,19.52200102219668,39.16488145968309,"Rapid Head - Rapid Head Sanctuary Zone","Total abundance",NA,"total_abundance"
"Bloom","Fished",25.61888292764237,6.984402662686064,Inf,15.014108526907636,43.714028127877505,"Rapid Head - Rapid Head Sanctuary Zone","Total abundance",NA,"total_abundance"
"Pre-bloom","No-take",34.02323319163843,6.022256863156092,Inf,24.049679400287918,48.13288266947745,"Rapid Head - Rapid Head Sanctuary Zone","Total abundance",NA,"total_abundance"
"Bloom","No-take",27.11773190569058,7.378571647128922,Inf,15.909134217497744,46.22321828802643,"Rapid Head - Rapid Head Sanctuary Zone","Total abundance",NA,"total_abundance"
"Pre-bloom","Fished",44.45633626784105,3.843742976021816,Inf,37.52648278903873,52.66589585466412,"Sponge Gardens - Sponge Gardens Sanctuary Zone","Total abundance",NA,"total_abundance"
"Bloom","Fished",48.68993610483852,6.90159825869802,Inf,36.87948820585432,64.28261326893704,"Sponge Gardens - Sponge Gardens Sanctuary Zone","Total abundance",NA,"total_abundance"
"Pre-bloom","No-take",42.2564578608854,3.6962953836653654,Inf,35.59885361234332,50.15914979716238,"Sponge Gardens - Sponge Gardens Sanctuary Zone","Total abundance",NA,"total_abundance"
"Bloom","No-take",54.914969110688645,7.913682873530739,Inf,41.402431359830445,72.83760236732721,"Sponge Gardens - Sponge Gardens Sanctuary Zone","Total abundance",NA,"total_abundance"
"Pre-bloom","Fished",50.23006508843711,10.825103561847419,Inf,32.92463124344139,76.63136513613112,"The Pages - The Pages Sanctuary Zone","Total abundance",NA,"total_abundance"
"Bloom","Fished",57.502826677172486,15.14846874215358,Inf,34.312296269070814,96.36705890900966,"The Pages - The Pages Sanctuary Zone","Total abundance",NA,"total_abundance"
"Pre-bloom","No-take",42.01518777539496,9.041626815113517,Inf,27.55678700332045,64.05957282280373,"The Pages - The Pages Sanctuary Zone","Total abundance",NA,"total_abundance"
"Bloom","No-take",64.09285221377483,16.76548337369214,Inf,38.38409466669972,107.02072669856666,"The Pages - The Pages Sanctuary Zone","Total abundance",NA,"total_abundance"
"Pre-bloom","Fished",27.99999953348098,4.238446774575257,Inf,20.81176946038593,37.67099070394934,"Victor Harbor - Encounter Bay Sanctuary Zone","Total abundance",NA,"total_abundance"
"Bloom","Fished",39.562500101923874,5.026636842325127,Inf,30.841380764662937,50.749719224895166,"Victor Harbor - Encounter Bay Sanctuary Zone","Total abundance",NA,"total_abundance"
"Pre-bloom","No-take",38.66666670433329,9.268944272120082,Inf,24.170840009139894,61.85598487510733,"Victor Harbor - Encounter Bay Sanctuary Zone","Total abundance",NA,"total_abundance"
"Bloom","No-take",33.62500027355413,8.58132189172303,Inf,20.390601980065632,55.44910564689841,"Victor Harbor - Encounter Bay Sanctuary Zone","Total abundance",NA,"total_abundance"
"Pre-bloom","Fished",36.77898482768958,6.723133713683365,Inf,25.704052126994462,52.6256995695561,"Windara Reef - Windara Shell fish Reef Sanctuary Zone","Total abundance",NA,"total_abundance"
"Bloom","Fished",75.71317818666552,33.76120442099604,Inf,31.59459978516412,181.43877086924098,"Windara Reef - Windara Shell fish Reef Sanctuary Zone","Total abundance",NA,"total_abundance"
"Pre-bloom","Fished",8.4482494589535,0.8022742307835522,Inf,7.013483230856565,10.17652948918383,"Aldinga - Aldinga Reef Sanctuary Zone","Species richness",NA,"richness"
"Bloom","Fished",6.329686581917493,1.194095951258385,Inf,4.373236431960244,9.16139176297582,"Aldinga - Aldinga Reef Sanctuary Zone","Species richness",NA,"richness"
"Pre-bloom","No-take",12.098360271973476,0.8243829873301491,Inf,10.585846429823933,13.826983249831692,"Aldinga - Aldinga Reef Sanctuary Zone","Species richness",NA,"richness"
"Bloom","No-take",9.333044358229916,1.6526097976894318,Inf,6.596299656373118,13.205239532823335,"Aldinga - Aldinga Reef Sanctuary Zone","Species richness",NA,"richness"
"Pre-bloom","Fished",5.967850076689109,0.7873902508637434,Inf,4.607989680570692,7.729017859568494,"Bay of Shoals - Bay of Shoals Sanctuary Zone","Species richness",NA,"richness"
"Bloom","Fished",4.403148317759934,1.0520662939333913,Inf,2.7566489531291847,7.033073647692555,"Bay of Shoals - Bay of Shoals Sanctuary Zone","Species richness",NA,"richness"
"Pre-bloom","No-take",5.8593446612178814,0.7749410065655229,Inf,4.521384502927836,7.593231638828937,"Bay of Shoals - Bay of Shoals Sanctuary Zone","Species richness",NA,"richness"
"Bloom","No-take",6.9785773832927,1.5624342925258325,Inf,4.499780316801255,10.822871088343263,"Bay of Shoals - Bay of Shoals Sanctuary Zone","Species richness",NA,"richness"
"Pre-bloom","Fished",6.5450490386949145,0.6732661075647761,Inf,5.349987959668783,8.007058565711855,"Boston Bay","Species richness",NA,"richness"
"Bloom","Fished",6.372430455808225,0.9487036926196882,Inf,4.75971985209074,8.531567230007234,"Boston Bay","Species richness",NA,"richness"
"Pre-bloom","Fished",8.749999713639076,0.8943885195250727,Inf,7.161463174407147,10.690901164205462,"Cape Elizabeth - Cape Elizabeth Sanctuary Zone","Species richness",NA,"richness"
"Bloom","Fished",7.416666747853462,0.7934956262666858,Inf,6.0136793430610345,9.146970184265935,"Cape Elizabeth - Cape Elizabeth Sanctuary Zone","Species richness",NA,"richness"
"Pre-bloom","No-take",9.583333298999106,0.9663578044761678,Inf,7.864727802436323,11.677489599990343,"Cape Elizabeth - Cape Elizabeth Sanctuary Zone","Species richness",NA,"richness"
"Bloom","No-take",7.666666758564368,0.7993052794993454,Inf,6.249750633074518,9.40481991006425,"Cape Elizabeth - Cape Elizabeth Sanctuary Zone","Species richness",NA,"richness"
"Pre-bloom","Fished",10.318128469656632,1.2162293744290844,Inf,8.18968505051788,12.999739850753649,"Carrickalinga - Carrickalinga Cliffs Sanctuary Zone","Species richness",NA,"richness"
"Bloom","Fished",11.816109765005738,3.618926686552488,Inf,6.483007646890508,21.53636978133615,"Carrickalinga - Carrickalinga Cliffs Sanctuary Zone","Species richness",NA,"richness"
"Pre-bloom","No-take",11.55777492616729,1.3717948153335195,Inf,9.158934156203719,14.584902453246777,"Carrickalinga - Carrickalinga Cliffs Sanctuary Zone","Species richness",NA,"richness"
"Bloom","No-take",13.14791772653365,4.011479857176937,Inf,7.230230447274421,23.9090222371631,"Carrickalinga - Carrickalinga Cliffs Sanctuary Zone","Species richness",NA,"richness"
"Pre-bloom","Fished",11.24999990128018,1.1899850460791046,Inf,9.143562579899724,13.841705207664477,"Chinamans Hat - Chinamans Hat Sanctuary Zone","Species richness",NA,"richness"
"Bloom","Fished",9.272727190073207,1.0943751552451935,Inf,7.357799550613112,11.686030442941066,"Chinamans Hat - Chinamans Hat Sanctuary Zone","Species richness",NA,"richness"
"Pre-bloom","No-take",9.499999885336937,1.0643892301620859,Inf,7.627007105187326,11.832950537048859,"Chinamans Hat - Chinamans Hat Sanctuary Zone","Species richness",NA,"richness"
"Bloom","No-take",8.727272623231926,1.0524116110767707,Inf,6.890220857755018,11.054114086123755,"Chinamans Hat - Chinamans Hat Sanctuary Zone","Species richness",NA,"richness"
"Pre-bloom","Fished",4.624999968134295,0.7603452828395473,Inf,3.3510049362286662,6.383346223690127,"Cuttlefish Coast - Fairway Bank Sanctuary Zone","Species richness",NA,"richness"
"Bloom","Fished",4.249999972645791,0.7288689524292474,Inf,3.036750228776092,5.94797016769107,"Cuttlefish Coast - Fairway Bank Sanctuary Zone","Species richness",NA,"richness"
"Pre-bloom","No-take",4.499999936736673,0.7499999634511237,Inf,3.2459781248309754,6.23848918627094,"Cuttlefish Coast - Fairway Bank Sanctuary Zone","Species richness",NA,"richness"
"Bloom","No-take",4.499999931730432,0.6123724055136828,Inf,3.446502936446786,5.875520711568252,"Cuttlefish Coast - Fairway Bank Sanctuary Zone","Species richness",NA,"richness"
"Pre-bloom","No-take",14.687530254193105,2.186339239028763,Inf,10.970883623405506,19.66327894570031,"Dangerous Reef - Dangerous Reef Sanctuary Zone","Species richness",NA,"richness"
"Bloom","No-take",21.071760659249435,4.943306492668542,Inf,13.304977237313983,33.37240563143805,"Dangerous Reef - Dangerous Reef Sanctuary Zone","Species richness",NA,"richness"
"Pre-bloom","Fished",7.34106225863316,1.517958753903634,Inf,4.894975004544147,11.009493416227748,"Glenelg","Species richness",NA,"richness"
"Bloom","Fished",3.1189565628410594,0.9427208863668498,Inf,1.7247621819256107,5.640134125638476,"Glenelg","Species richness",NA,"richness"
"Pre-bloom","Fished",7.9117647069272605,0.482388783735623,Inf,7.020607465787203,8.91604053962887,"Middle/Long Spit - Middle Spit Sanctuary Zone","Species richness",NA,"richness"
"Bloom","Fished",7.312499995427989,0.6760408285482757,Inf,6.1005960949700855,8.765152675362708,"Middle/Long Spit - Middle Spit Sanctuary Zone","Species richness",NA,"richness"
"Pre-bloom","No-take",8.727272744156089,0.6298366286086793,Inf,7.576146632454474,10.053301928531203,"Middle/Long Spit - Middle Spit Sanctuary Zone","Species richness",NA,"richness"
"Bloom","No-take",7.375000002230089,0.9601431683277856,Inf,5.714063056722001,9.518730278782785,"Middle/Long Spit - Middle Spit Sanctuary Zone","Species richness",NA,"richness"
"Pre-bloom","Fished",7.422014673448216,0.8658004066776671,Inf,5.90509080341915,9.328612149534552,"O'Sullivan","Species richness",NA,"richness"
"Bloom","Fished",4.421188814099455,0.9459209006530866,Inf,2.9068527862766143,6.724423961956384,"O'Sullivan","Species richness",NA,"richness"
"Pre-bloom","Fished",5.70000023806476,0.44496064340971514,Inf,4.891333784025925,6.64236058067513,"Offshore Ardrossan - Offshore Ardrossan Sanctuary Zone","Species richness",NA,"richness"
"Bloom","Fished",2.666666771915005,0.6731925407281095,Inf,1.6258680968312929,4.373732214990054,"Offshore Ardrossan - Offshore Ardrossan Sanctuary Zone","Species richness",NA,"richness"
"Pre-bloom","No-take",4.86666723103298,0.5797356633716433,Inf,3.8533044973057264,6.146529544750653,"Offshore Ardrossan - Offshore Ardrossan Sanctuary Zone","Species richness",NA,"richness"
"Bloom","No-take",2.999999460806174,0.7148889443766276,Inf,1.8805416186020782,4.785853541240732,"Offshore Ardrossan - Offshore Ardrossan Sanctuary Zone","Species richness",NA,"richness"
"Pre-bloom","No-take",12.916666838593299,1.3105517062876941,Inf,10.587313924731475,15.758509042551825,"Orcades Bank - Orcades Bank Sanctuary Zone","Species richness","overall","richness"
"Pre-bloom","Fished",8.333333350033856,0.8333333926592335,Inf,6.850126547490826,10.137687857492748,"Port Gibbon - Port Gibbon Sanctuary Zone","Species richness",NA,"richness"
"Bloom","Fished",9.499999793611124,0.8897565823654638,Inf,7.906809216129197,11.414211929448015,"Port Gibbon - Port Gibbon Sanctuary Zone","Species richness",NA,"richness"
"Pre-bloom","No-take",7.083333000675398,0.7682953992127407,Inf,5.726798220851423,8.761196826487396,"Port Gibbon - Port Gibbon Sanctuary Zone","Species richness",NA,"richness"
"Bloom","No-take",8.999999909101689,0.8660254646548172,Inf,7.453076720310224,10.867994709231827,"Port Gibbon - Port Gibbon Sanctuary Zone","Species richness",NA,"richness"
"Pre-bloom","No-take",8.237373818308416,1.0660709852910344,Inf,6.39186064393784,10.615739485326118,"Port Noarlunga - Port Noarlunga Reef Sanctuary Zone","Species richness",NA,"richness"
"Bloom","No-take",8.433995358585774,2.835391858903747,Inf,4.363864383603863,16.30029520988513,"Port Noarlunga - Port Noarlunga Reef Sanctuary Zone","Species richness",NA,"richness"
"Pre-bloom","Fished",8.917736890759132,0.6931572121370958,Inf,7.657597274978559,10.385245971691429,"Rapid Head - Rapid Head Sanctuary Zone","Species richness",NA,"richness"
"Bloom","Fished",9.06691996846587,1.7112217542283155,Inf,6.263404421541378,13.12529611401559,"Rapid Head - Rapid Head Sanctuary Zone","Species richness",NA,"richness"
"Pre-bloom","No-take",10.237029491308922,0.778783327157382,Inf,8.818986711670783,11.883085464596935,"Rapid Head - Rapid Head Sanctuary Zone","Species richness",NA,"richness"
"Bloom","No-take",8.8173117036373565,1.6701679311416395,Inf,6.082782638385252,12.781154662422498,"Rapid Head - Rapid Head Sanctuary Zone","Species richness",NA,"richness"
"Pre-bloom","Fished",12.057480980786286,0.7252691435134051,Inf,10.7165745480498,13.566167710602986,"Sponge Gardens - Sponge Gardens Sanctuary Zone","Species richness",NA,"richness"
"Bloom","Fished",13.365397545169138,1.2916624291385406,Inf,11.05910107213137,16.152655661188014,"Sponge Gardens - Sponge Gardens Sanctuary Zone","Species richness",NA,"richness"
"Pre-bloom","No-take",13.672157196394098,0.8132438237519348,Inf,12.16763256288211,15.362715913459004,"Sponge Gardens - Sponge Gardens Sanctuary Zone","Species richness",NA,"richness"
"Bloom","No-take",15.037482605611741,1.4547197240938572,Inf,12.440282990214,18.176908297982845,"Sponge Gardens - Sponge Gardens Sanctuary Zone","Species richness",NA,"richness"
"Pre-bloom","Fished",10.1453199206537,0.8003206587159704,Inf,8.691967972279894,11.84168149499233,"The Pages - The Pages Sanctuary Zone","Species richness",NA,"richness"
"Bloom","Fished",9.156859278250312,0.9639787705981302,Inf,7.449672640273783,11.25526931054481,"The Pages - The Pages Sanctuary Zone","Species richness",NA,"richness"
"Pre-bloom","No-take",10.478944828694184,0.8250356799450569,Inf,8.980492472360485,12.227423502750728,"The Pages - The Pages Sanctuary Zone","Species richness",NA,"richness"
"Bloom","No-take",8.508130938787875,0.9058624584455105,Inf,6.905681765433413,10.482425129101825,"The Pages - The Pages Sanctuary Zone","Species richness",NA,"richness"
"Pre-bloom","Fished",8.701207043317044,1.5982676115623091,Inf,6.070547729593214,12.471857134338604,"Victor Harbor - Encounter Bay Sanctuary Zone","Species richness",NA,"richness"
"Bloom","Fished",10.806216386406167,1.993359428661984,Inf,7.527616712590512,15.51278672232597,"Victor Harbor - Encounter Bay Sanctuary Zone","Species richness",NA,"richness"
"Pre-bloom","No-take",6.652322985661944,1.5574124642497982,Inf,4.204300822967678,10.525745651646595,"Victor Harbor - Encounter Bay Sanctuary Zone","Species richness",NA,"richness"
"Bloom","No-take",9.502680612630474,2.175439728678508,Inf,6.067102953869988,14.883699767788407,"Victor Harbor - Encounter Bay Sanctuary Zone","Species richness",NA,"richness"
"Pre-bloom","Fished",7.255774390758409,0.3904801713268884,Inf,6.529427549958887,8.06292153588825,"Windara Reef - Windara Shell fish Reef Sanctuary Zone","Species richness",NA,"richness"
"Bloom","Fished",4.157351681644516,0.6680275623257925,Inf,3.0341757017443904,5.696299326019887,"Windara Reef - Windara Shell fish Reef Sanctuary Zone","Species richness",NA,"richness"
"Pre-bloom","Fished",0.6919340257284212,0.1789836600818492,Inf,0.41675713975061807,1.1488050240656482,"Aldinga - Aldinga Reef Sanctuary Zone","Shark and ray richness",NA,"sharks_rays"
"Bloom","Fished",0.4840565565535171,0.2662318173674461,Inf,0.16471532500386432,1.4225194282131988,"Aldinga - Aldinga Reef Sanctuary Zone","Shark and ray richness",NA,"sharks_rays"
"Pre-bloom","No-take",0.3605790914104428,0.09169690016874234,Inf,0.2190464013647255,0.5935604527275197,"Aldinga - Aldinga Reef Sanctuary Zone","Shark and ray richness",NA,"sharks_rays"
"Bloom","No-take",0.16135213484030994,0.1286609970433314,Inf,0.03380904558164728,0.7700457368621489,"Aldinga - Aldinga Reef Sanctuary Zone","Shark and ray richness",NA,"sharks_rays"
"Pre-bloom","Fished",0.36187692849223146,0.1508425081595543,Inf,0.15986426134738696,0.8191631467298687,"Bay of Shoals - Bay of Shoals Sanctuary Zone","Shark and ray richness",NA,"sharks_rays"
"Bloom","Fished",0.39758769816063416,0.2729846749359592,Inf,0.10351323956506096,1.5271087871741895,"Bay of Shoals - Bay of Shoals Sanctuary Zone","Shark and ray richness",NA,"sharks_rays"
"Pre-bloom","No-take",0.36187690614931617,0.1508425005629533,Inf,0.1598642499907144,0.819163103769651,"Bay of Shoals - Bay of Shoals Sanctuary Zone","Shark and ray richness",NA,"sharks_rays"
"Bloom","No-take",0.1590350508278625,0.13968157591633448,Inf,0.02843653644689586,0.8894243305281894,"Bay of Shoals - Bay of Shoals Sanctuary Zone","Shark and ray richness",NA,"sharks_rays"
"Pre-bloom","Fished",0.2597860392987643,0.07329549183118837,Inf,0.1494374949885568,0.4516188271203762,"Boston Bay","Shark and ray richness",NA,"sharks_rays"
"Bloom","Fished",0.18070358388284832,0.08453010028360566,Inf,0.07224187116924073,0.45200636001810784,"Boston Bay","Shark and ray richness",NA,"sharks_rays"
"Pre-bloom","Fished",0.6179603452180671,0.1304277344441981,Inf,0.40860586769908663,0.9345802849391786,"Carrickalinga - Carrickalinga Cliffs Sanctuary Zone","Shark and ray richness",NA,"sharks_rays"
"Bloom","Fished",0.3208629172179791,0.2016188504353879,Inf,0.09363856257886215,1.0994723627770875,"Carrickalinga - Carrickalinga Cliffs Sanctuary Zone","Shark and ray richness",NA,"sharks_rays"
"Pre-bloom","No-take",0.2201201191000029,0.06627649213763809,Inf,0.12200269788079926,0.39714586377376304,"Carrickalinga - Carrickalinga Cliffs Sanctuary Zone","Shark and ray richness",NA,"sharks_rays"
"Bloom","No-take",0.08008433581172202,0.08569172934994129,Inf,0.009834359714053215,0.6521523544882968,"Carrickalinga - Carrickalinga Cliffs Sanctuary Zone","Shark and ray richness",NA,"sharks_rays"
"Pre-bloom","Fished",1.083333343580192,0.3004625924729513,Inf,0.6290443876691391,1.865704799722221,"Chinamans Hat - Chinamans Hat Sanctuary Zone","Shark and ray richness",NA,"sharks_rays"
"Bloom","Fished",0.81818182232731,0.27272725740990544,Inf,0.42571210179098457,1.5724746643813035,"Chinamans Hat - Chinamans Hat Sanctuary Zone","Shark and ray richness",NA,"sharks_rays"
"Pre-bloom","No-take",0.41666666852598533,0.18633898535050297,Inf,0.17342826740010636,1.0010542990665712,"Chinamans Hat - Chinamans Hat Sanctuary Zone","Shark and ray richness",NA,"sharks_rays"
"Bloom","No-take",0.8181818271077006,0.2727272582066319,Inf,0.42571210509080354,1.572474670567587,"Chinamans Hat - Chinamans Hat Sanctuary Zone","Shark and ray richness",NA,"sharks_rays"
"Pre-bloom","No-take",0.8157894779587422,0.10360537813925186,Inf,0.6360267536872662,1.0463592427362403,"Dangerous Reef - Dangerous Reef Sanctuary Zone","Shark and ray richness",NA,"sharks_rays"
"Bloom","No-take",1.0833333252583717,0.21245916867656842,Inf,0.7376115819842988,1.5910963470206778,"Dangerous Reef - Dangerous Reef Sanctuary Zone","Shark and ray richness",NA,"sharks_rays"
"Pre-bloom","Fished",0.5573770493994236,0.09689293820553177,Inf,0.39644092284895155,0.7836455756500593,"Glenelg","Shark and ray richness",NA,"sharks_rays"
"Bloom","Fished",0.054054053371215875,0.038272845130198296,Inf,0.013493885446811606,0.21653071662533188,"Glenelg","Shark and ray richness",NA,"sharks_rays"
"Pre-bloom","Fished",1.560281505098877,0.22823723825207431,Inf,1.1713578779036238,2.0783386709368417,"Middle/Long Spit - Middle Spit Sanctuary Zone","Shark and ray richness",NA,"sharks_rays"
"Bloom","Fished",0.49787618725877425,0.18267843457641791,Inf,0.24255063184516387,1.021975065385823,"Middle/Long Spit - Middle Spit Sanctuary Zone","Shark and ray richness",NA,"sharks_rays"
"Pre-bloom","No-take",1.232795151849241,0.25164952564959503,Inf,0.8262962880896971,1.8392723147002878,"Middle/Long Spit - Middle Spit Sanctuary Zone","Shark and ray richness",NA,"sharks_rays"
"Bloom","No-take",0.37340778489138243,0.21867806822661126,Inf,0.11849386864657481,1.1767138284038074,"Middle/Long Spit - Middle Spit Sanctuary Zone","Shark and ray richness",NA,"sharks_rays"
"Pre-bloom","Fished",0.3936181226209304,0.13339019353895984,Inf,0.20258999545281123,0.7647723477624265,"O'Sullivan","Shark and ray richness",NA,"sharks_rays"
"Bloom","Fished",0.023820078073658102,0.027288542599936183,Inf,0.00252230360319896,0.22495155567932296,"O'Sullivan","Shark and ray richness",NA,"sharks_rays"
"Pre-bloom","Fished",0.41022603303541316,0.25278174249857643,Inf,0.12260604124241203,1.3725701969876374,"Offshore Ardrossan - Offshore Ardrossan Sanctuary Zone","Shark and ray richness",NA,"sharks_rays"
"Bloom","Fished",8.692996682807406e-10,1.017320740428854e-5,Inf,2.220446049250313e-16,Inf,"Offshore Ardrossan - Offshore Ardrossan Sanctuary Zone","Shark and ray richness",NA,"sharks_rays"
"Pre-bloom","No-take",0.6154373258851267,0.38892495800371996,Inf,0.17834787130319468,2.1237321159204154,"Offshore Ardrossan - Offshore Ardrossan Sanctuary Zone","Shark and ray richness",NA,"sharks_rays"
"Bloom","No-take",6.725213744196226e-13,2.8296074244944233e-7,Inf,2.220446049250313e-16,Inf,"Offshore Ardrossan - Offshore Ardrossan Sanctuary Zone","Shark and ray richness",NA,"sharks_rays"
"Pre-bloom","No-take",1.0833329938032168,0.30046253508458765,Inf,0.6290441394761335,1.8657043310824273,"Orcades Bank - Orcades Bank Sanctuary Zone","Shark and ray richness","overall","sharks_rays"
"Pre-bloom","Fished",1.5833332655851193,0.3632415438956721,Inf,1.009934759762177,2.4822833412514504,"Port Gibbon - Port Gibbon Sanctuary Zone","Shark and ray richness",NA,"sharks_rays"
"Bloom","Fished",0.2500000055371353,0.14433755707520732,Inf,0.0806303646452605,0.775142256190224,"Port Gibbon - Port Gibbon Sanctuary Zone","Shark and ray richness",NA,"sharks_rays"
"Pre-bloom","No-take",0.16666670848964912,0.11785113527640435,Inf,0.0416829646766709,0.6664063349198462,"Port Gibbon - Port Gibbon Sanctuary Zone","Shark and ray richness",NA,"sharks_rays"
"Bloom","No-take",0.24999992647420555,0.14433753425182821,Inf,0.08063032471826594,0.7751421497493917,"Port Gibbon - Port Gibbon Sanctuary Zone","Shark and ray richness",NA,"sharks_rays"
"Pre-bloom","Fished",0.21141654954841804,0.08626236916763508,Inf,0.09502348791351033,0.47037799184599016,"Rapid Head - Rapid Head Sanctuary Zone","Shark and ray richness",NA,"sharks_rays"
"Bloom","Fished",0.1509546803652748,0.15486211531661143,Inf,0.020212118683962704,1.1274085552576367,"Rapid Head - Rapid Head Sanctuary Zone","Shark and ray richness",NA,"sharks_rays"
"Pre-bloom","No-take",0.1301754653763765,0.05771058988435508,Inf,0.054596726900832865,0.31037852904141205,"Rapid Head - Rapid Head Sanctuary Zone","Shark and ray richness",NA,"sharks_rays"
"Bloom","No-take",0.0752919386053543,0.09383350408962315,Inf,0.006545277920320506,0.8661016519027892,"Rapid Head - Rapid Head Sanctuary Zone","Shark and ray richness",NA,"sharks_rays"
"Pre-bloom","Fished",0.5852264831011831,0.19047409835452878,Inf,0.30923082000650415,1.107554662616668,"The Pages - The Pages Sanctuary Zone","Shark and ray richness",NA,"sharks_rays"
"Bloom","Fished",0.5468333254489562,0.24034955044565393,Inf,0.231060929893299,1.2941464658679027,"The Pages - The Pages Sanctuary Zone","Shark and ray richness",NA,"sharks_rays"
"Pre-bloom","No-take",0.8410774104739688,0.26332975019606375,Inf,0.45534072241562007,1.553586524518875,"The Pages - The Pages Sanctuary Zone","Shark and ray richness",NA,"sharks_rays"
"Bloom","No-take",0.4225530667654814,0.19204348372363225,Inf,0.17338999185724152,1.029765860880374,"The Pages - The Pages Sanctuary Zone","Shark and ray richness",NA,"sharks_rays"
"Pre-bloom","Fished",0.47156552836537896,0.32235562780783494,Inf,0.12350158463650715,1.8005764719296171,"Victor Harbor - Encounter Bay Sanctuary Zone","Shark and ray richness",NA,"sharks_rays"
"Bloom","Fished",0.039309465002040786,0.04102006971978622,Inf,0.0050845719772808565,0.3039064144732658,"Victor Harbor - Encounter Bay Sanctuary Zone","Shark and ray richness",NA,"sharks_rays"
"Pre-bloom","No-take",0.19707752943340615,0.19824447218087454,Inf,0.02744071353695396,1.415398785285611,"Victor Harbor - Encounter Bay Sanctuary Zone","Shark and ray richness",NA,"sharks_rays"
"Bloom","No-take",0.4717164577205239,0.41003753282479355,Inf,0.08585739207374694,2.5916978271744973,"Victor Harbor - Encounter Bay Sanctuary Zone","Shark and ray richness",NA,"sharks_rays"
"Pre-bloom","Fished",0.8749999973207964,0.11023964131569128,Inf,0.6835444066262035,1.1200808431603124,"Windara Reef - Windara Shell fish Reef Sanctuary Zone","Shark and ray richness",NA,"sharks_rays"
"Bloom","Fished",8.897371991300324e-9,2.722953663948271e-5,Inf,2.220446049250313e-16,Inf,"Windara Reef - Windara Shell fish Reef Sanctuary Zone","Shark and ray richness",NA,"sharks_rays"
"Pre-bloom","Fished",3.7081930600961557,0.6255214777497877,Inf,2.6642579630109764,5.161172815039698,"Aldinga - Aldinga Reef Sanctuary Zone","Reef associated species richness",NA,"reef_associated_richness"
"Bloom","Fished",1.0792883736863244,0.42823838334506475,Inf,0.4959056515610347,2.3489617226737787,"Aldinga - Aldinga Reef Sanctuary Zone","Reef associated species richness",NA,"reef_associated_richness"
"Pre-bloom","No-take",7.784597639516507,0.9359390898534958,Inf,6.150303477765689,9.853165884942802,"Aldinga - Aldinga Reef Sanctuary Zone","Reef associated species richness",NA,"reef_associated_richness"
"Bloom","No-take",5.185416304734156,1.6098428777597866,Inf,2.8217798109456567,9.52892998564326,"Aldinga - Aldinga Reef Sanctuary Zone","Reef associated species richness",NA,"reef_associated_richness"
"Pre-bloom","Fished",0.3575168250040291,0.10583149627924941,Inf,0.20013604541568547,0.6386569690406401,"Bay of Shoals - Bay of Shoals Sanctuary Zone","Reef associated species richness",NA,"reef_associated_richness"
"Bloom","Fished",0.08266849575885236,0.08372013928589324,Inf,0.011358217376358802,0.6016859833353752,"Bay of Shoals - Bay of Shoals Sanctuary Zone","Reef associated species richness",NA,"reef_associated_richness"
"Pre-bloom","No-take",0.41306809309884107,0.11454716228128854,Inf,0.23987031010914175,0.7113229205343413,"Bay of Shoals - Bay of Shoals Sanctuary Zone","Reef associated species richness",NA,"reef_associated_richness"
"Bloom","No-take",0.41349475495636606,0.19635622035143832,Inf,0.1630271731554816,1.0487694110561614,"Bay of Shoals - Bay of Shoals Sanctuary Zone","Reef associated species richness",NA,"reef_associated_richness"
"Pre-bloom","Fished",0.23991378708098549,0.10610670564939538,Inf,0.10083102345283715,0.5708424179435508,"Boston Bay","Reef associated species richness",NA,"reef_associated_richness"
"Bloom","Fished",0.14887165049527226,0.10150597323411999,Inf,0.039123039735235676,0.5664889147462098,"Boston Bay","Reef associated species richness",NA,"reef_associated_richness"
"Pre-bloom","Fished",2.7499994653762054,0.484043038173523,Inf,1.947635971880981,3.8829109591078943,"Cape Elizabeth - Cape Elizabeth Sanctuary Zone","Reef associated species richness",NA,"reef_associated_richness"
"Bloom","Fished",1.6666653921615502,0.3751978812873778,Inf,1.072079179095076,2.5910152753583797,"Cape Elizabeth - Cape Elizabeth Sanctuary Zone","Reef associated species richness",NA,"reef_associated_richness"
"Pre-bloom","No-take",2.9166651531897685,0.4988258795171759,Inf,2.0859739894556117,4.0781599669186654,"Cape Elizabeth - Cape Elizabeth Sanctuary Zone","Reef associated species richness",NA,"reef_associated_richness"
"Bloom","No-take",2.3333340140733942,0.4451274806384051,Inf,1.6054402982860596,3.3912488848350564,"Cape Elizabeth - Cape Elizabeth Sanctuary Zone","Reef associated species richness",NA,"reef_associated_richness"
"Pre-bloom","Fished",5.830427086914773,0.5723740551561706,Inf,4.809919002084793,7.067453734895603,"Carrickalinga - Carrickalinga Cliffs Sanctuary Zone","Reef associated species richness",NA,"reef_associated_richness"
"Bloom","Fished",6.1523789384624195,1.5351157897779866,Inf,3.772722286966257,10.033011635445224,"Carrickalinga - Carrickalinga Cliffs Sanctuary Zone","Reef associated species richness",NA,"reef_associated_richness"
"Pre-bloom","No-take",7.5454453773563746,0.7345732304632828,Inf,6.234730534531737,9.13170916166062,"Carrickalinga - Carrickalinga Cliffs Sanctuary Zone","Reef associated species richness",NA,"reef_associated_richness"
"Bloom","No-take",6.651756218303245,1.6461416274636356,Inf,4.095297397403568,10.804065369169011,"Carrickalinga - Carrickalinga Cliffs Sanctuary Zone","Reef associated species richness",NA,"reef_associated_richness"
"Pre-bloom","Fished",7.750000225824689,1.164348037846134,Inf,5.7732253891305145,10.403630458177647,"Chinamans Hat - Chinamans Hat Sanctuary Zone","Reef associated species richness",NA,"reef_associated_richness"
"Bloom","Fished",5.818181806241961,0.9825382997815564,Inf,4.1787046248938635,8.100893116211767,"Chinamans Hat - Chinamans Hat Sanctuary Zone","Reef associated species richness",NA,"reef_associated_richness"
"Pre-bloom","No-take",6.666666650653625,1.0396346437337243,Inf,4.9109775365133475,9.050019858671863,"Chinamans Hat - Chinamans Hat Sanctuary Zone","Reef associated species richness",NA,"reef_associated_richness"
"Bloom","No-take",5.272727358878822,0.9153115982975009,Inf,3.752080915527091,7.409662645072159,"Chinamans Hat - Chinamans Hat Sanctuary Zone","Reef associated species richness",NA,"reef_associated_richness"
"Pre-bloom","Fished",0.3749999997200773,0.259037271073038,Inf,0.09683896384262111,1.4521530818792756,"Cuttlefish Coast - Fairway Bank Sanctuary Zone","Reef associated species richness",NA,"reef_associated_richness"
"Bloom","Fished",0.625000000326168,0.3664783936805166,Inf,0.19804544538336868,1.9724008277572522,"Cuttlefish Coast - Fairway Bank Sanctuary Zone","Reef associated species richness",NA,"reef_associated_richness"
"Pre-bloom","No-take",2.898285304433692e-10,6.019017131824634e-6,Inf,2.220446049250313e-16,Inf,"Cuttlefish Coast - Fairway Bank Sanctuary Zone","Reef associated species richness",NA,"reef_associated_richness"
"Bloom","No-take",0.4999999998473475,0.25619798603372,Inf,0.18315457102497473,1.3649672975579616,"Cuttlefish Coast - Fairway Bank Sanctuary Zone","Reef associated species richness",NA,"reef_associated_richness"
"Pre-bloom","No-take",3.0508300529103582,2.0795344053276548,Inf,0.802073767323014,11.60437405004002,"Dangerous Reef - Dangerous Reef Sanctuary Zone","Reef associated species richness",NA,"reef_associated_richness"
"Bloom","No-take",16.000370169153936,16.398985287513355,Inf,2.146459086518233,119.27170993285853,"Dangerous Reef - Dangerous Reef Sanctuary Zone","Reef associated species richness",NA,"reef_associated_richness"
"Pre-bloom","Fished",1.491803275231747,0.33341138397503856,Inf,0.9626575131552125,2.3118055815073104,"Glenelg","Reef associated species richness",NA,"reef_associated_richness"
"Bloom","Fished",0.4594594587707326,0.16117596000837053,Inf,0.23102031684869737,0.9137854069871812,"Glenelg","Reef associated species richness",NA,"reef_associated_richness"
"Pre-bloom","Fished",0.7941177063056886,0.15282801814169822,Inf,0.544591767941142,1.1579736760478612,"Middle/Long Spit - Middle Spit Sanctuary Zone","Reef associated species richness",NA,"reef_associated_richness"
"Bloom","Fished",0.3750000007464183,0.15309310907964102,Inf,0.168472761293514,0.8347046696457728,"Middle/Long Spit - Middle Spit Sanctuary Zone","Reef associated species richness",NA,"reef_associated_richness"
"Pre-bloom","No-take",1.7727272716107927,0.2838635453423144,Inf,1.2952112090166599,2.4262930691423805,"Middle/Long Spit - Middle Spit Sanctuary Zone","Reef associated species richness",NA,"reef_associated_richness"
"Bloom","No-take",0.6250000616381806,0.2795085109827953,Inf,0.2601424201788943,1.501581621248488,"Middle/Long Spit - Middle Spit Sanctuary Zone","Reef associated species richness",NA,"reef_associated_richness"
"Pre-bloom","Fished",2.421052631263999,0.39597035699904776,Inf,1.7570644307877965,3.335959536055416,"O'Sullivan","Reef associated species richness",NA,"reef_associated_richness"
"Bloom","Fished",0.8529411764782949,0.24443513713046244,Inf,0.48638759086054567,1.4957385101972411,"O'Sullivan","Reef associated species richness",NA,"reef_associated_richness"
"Pre-bloom","Fished",0.547180409314869,0.17726937283557004,Inf,0.2899798424104788,1.0325076317345019,"Offshore Ardrossan - Offshore Ardrossan Sanctuary Zone","Reef associated species richness",NA,"reef_associated_richness"
"Bloom","Fished",0.3275120717836588,0.26719496240680884,Inf,0.06618956196724667,1.620560009403042,"Offshore Ardrossan - Offshore Ardrossan Sanctuary Zone","Reef associated species richness",NA,"reef_associated_richness"
"Pre-bloom","No-take",1.277761251247021,0.4354593422846215,Inf,0.6551810913559635,2.49194281814417,"Offshore Ardrossan - Offshore Ardrossan Sanctuary Zone","Reef associated species richness",NA,"reef_associated_richness"
"Bloom","No-take",0.16312873153520518,0.17621217197959407,Inf,0.019636309054866904,1.3551927186483883,"Offshore Ardrossan - Offshore Ardrossan Sanctuary Zone","Reef associated species richness",NA,"reef_associated_richness"
"Pre-bloom","No-take",7.499999925586994,1.1439878129719705,Inf,5.5619365762390345,10.113383731146572,"Orcades Bank - Orcades Bank Sanctuary Zone","Reef associated species richness","overall","reef_associated_richness"
"Pre-bloom","Fished",2.0833334554427227,NA,Inf,NA,NA,"Port Gibbon - Port Gibbon Sanctuary Zone","Reef associated species richness",NA,"reef_associated_richness"
"Bloom","Fished",1.0000000681281709,NA,Inf,NA,NA,"Port Gibbon - Port Gibbon Sanctuary Zone","Reef associated species richness",NA,"reef_associated_richness"
"Pre-bloom","No-take",2.2500002379305233,NA,Inf,NA,NA,"Port Gibbon - Port Gibbon Sanctuary Zone","Reef associated species richness",NA,"reef_associated_richness"
"Bloom","No-take",1.3333335071244317,NA,Inf,NA,NA,"Port Gibbon - Port Gibbon Sanctuary Zone","Reef associated species richness",NA,"reef_associated_richness"
"Pre-bloom","No-take",4.84059440167619,1.307304578701699,Inf,2.851108668032045,8.218330793302304,"Port Noarlunga - Port Noarlunga Reef Sanctuary Zone","Reef associated species richness",NA,"reef_associated_richness"
"Bloom","No-take",4.256962556498384,3.020499931084274,Inf,1.0595838839663951,17.102685763389726,"Port Noarlunga - Port Noarlunga Reef Sanctuary Zone","Reef associated species richness",NA,"reef_associated_richness"
"Pre-bloom","Fished",6.057562951334629,0.4796203101831957,Inf,5.18683294180842,7.074465154566612,"Rapid Head - Rapid Head Sanctuary Zone","Reef associated species richness",NA,"reef_associated_richness"
"Bloom","Fished",6.239352107301236,1.1897298849558713,Inf,4.293693007099409,9.066673992415465,"Rapid Head - Rapid Head Sanctuary Zone","Reef associated species richness",NA,"reef_associated_richness"
"Pre-bloom","No-take",7.389016357399666,0.5607965489243963,Inf,6.367718599099616,8.57411675472591,"Rapid Head - Rapid Head Sanctuary Zone","Reef associated species richness",NA,"reef_associated_richness"
"Bloom","No-take",6.40589504336164,1.2156511092147724,Inf,4.41617948883379,9.292079592852268,"Rapid Head - Rapid Head Sanctuary Zone","Reef associated species richness",NA,"reef_associated_richness"
"Pre-bloom","Fished",9.832910139498683,0.6204244330719119,Inf,8.689084887469251,11.127307773329447,"Sponge Gardens - Sponge Gardens Sanctuary Zone","Reef associated species richness",NA,"reef_associated_richness"
"Bloom","Fished",9.323892685876583,0.9591450050817852,Inf,7.621395754639051,11.40669998206386,"Sponge Gardens - Sponge Gardens Sanctuary Zone","Reef associated species richness",NA,"reef_associated_richness"
"Pre-bloom","No-take",11.755237997558854,0.7275475836181486,Inf,10.41236565986975,13.271299231435185,"Sponge Gardens - Sponge Gardens Sanctuary Zone","Reef associated species richness",NA,"reef_associated_richness"
"Bloom","No-take",12.000879201525454,1.208482063807185,Inf,9.85139035107474,14.619368076699363,"Sponge Gardens - Sponge Gardens Sanctuary Zone","Reef associated species richness",NA,"reef_associated_richness"
"Pre-bloom","Fished",6.920760564884747,0.6023971171921341,Inf,5.835304260802356,8.208128429258284,"The Pages - The Pages Sanctuary Zone","Reef associated species richness",NA,"reef_associated_richness"
"Bloom","Fished",6.131081414282935,0.7356781695438597,Inf,4.8461858120246495,7.756648375985639,"The Pages - The Pages Sanctuary Zone","Reef associated species richness",NA,"reef_associated_richness"
"Pre-bloom","No-take",7.467765814186362,0.6466360463886708,Inf,6.302094299196281,8.849046619731261,"The Pages - The Pages Sanctuary Zone","Reef associated species richness",NA,"reef_associated_richness"
"Bloom","No-take",5.456497611350612,0.672606700176798,Inf,4.285374823124839,6.947669086496517,"The Pages - The Pages Sanctuary Zone","Reef associated species richness",NA,"reef_associated_richness"
"Pre-bloom","Fished",5.602165210503236,1.376156980687179,Inf,3.461469566077165,9.066743025373498,"Victor Harbor - Encounter Bay Sanctuary Zone","Reef associated species richness",NA,"reef_associated_richness"
"Bloom","Fished",7.619044478924322,1.7074797420520464,Inf,4.910666578709651,11.8211729184596,"Victor Harbor - Encounter Bay Sanctuary Zone","Reef associated species richness",NA,"reef_associated_richness"
"Pre-bloom","No-take",4.840664618691771,1.7563817529718138,Inf,2.377146266203791,9.857211684358989,"Victor Harbor - Encounter Bay Sanctuary Zone","Reef associated species richness",NA,"reef_associated_richness"
"Bloom","No-take",5.0035345914273295,1.8017357673009788,Inf,2.4703900642743326,10.134172238489755,"Victor Harbor - Encounter Bay Sanctuary Zone","Reef associated species richness",NA,"reef_associated_richness"
"Pre-bloom","Fished",0.4027777743480607,0.0747939533498156,Inf,0.2798989974303398,0.5796017027504805,"Windara Reef - Windara Shell fish Reef Sanctuary Zone","Reef associated species richness",NA,"reef_associated_richness"
"Bloom","Fished",0.7499999915248144,0.25000000187967003,Inf,0.39023606651288606,1.4414351608083547,"Windara Reef - Windara Shell fish Reef Sanctuary Zone","Reef associated species richness",NA,"reef_associated_richness"
"Pre-bloom","Fished",1.2773080888629011,0.19382435512572943,Inf,0.9487036933111784,1.7197318460733066,"Aldinga - Aldinga Reef Sanctuary Zone","Shannon diversity",NA,"shannon_diversity"
"Bloom","Fished",1.2472664108148122,0.322395497735984,Inf,0.75151773733810745,2.070042292091593,"Aldinga - Aldinga Reef Sanctuary Zone","Shannon diversity",NA,"shannon_diversity"
"Pre-bloom","No-take",1.697188241832519,0.15915767516849916,Inf,1.4122339893057128,2.039639287842557,"Aldinga - Aldinga Reef Sanctuary Zone","Shannon diversity",NA,"shannon_diversity"
"Bloom","No-take",1.4290179067135356,0.34508667686020905,Inf,0.8901948856978469,2.2939832732324517,"Aldinga - Aldinga Reef Sanctuary Zone","Shannon diversity",NA,"shannon_diversity"
"Pre-bloom","Fished",1.2529638610803608,0.18655977196154783,Inf,0.9358345672060685,1.6775597869401138,"Bay of Shoals - Bay of Shoals Sanctuary Zone","Shannon diversity",NA,"shannon_diversity"
"Bloom","Fished",0.897386855384638,0.27346339689938537,Inf,0.493844812436371,1.6306806266612102,"Bay of Shoals - Bay of Shoals Sanctuary Zone","Shannon diversity",NA,"shannon_diversity"
"Pre-bloom","No-take",1.0150588298114773,0.16791687116718004,Inf,0.7339737994367221,1.4037891117761545,"Bay of Shoals - Bay of Shoals Sanctuary Zone","Shannon diversity",NA,"shannon_diversity"
"Bloom","No-take",1.5013941972751266,0.35371764639758557,Inf,0.9461451934306921,2.382493248671296,"Bay of Shoals - Bay of Shoals Sanctuary Zone","Shannon diversity",NA,"shannon_diversity"
"Pre-bloom","Fished",1.2152080911287315,0.21488169254857734,Inf,0.8592809291390611,1.7185656688835345,"Boston Bay","Shannon diversity",NA,"shannon_diversity"
"Bloom","Fished",1.4439101393905724,0.356358682309031,Inf,0.8901488737680818,2.3421660714004267,"Boston Bay","Shannon diversity",NA,"shannon_diversity"
"Pre-bloom","Fished",1.8995814212792226,0.39786735079089264,Inf,1.260009269828906,2.8637960548966195,"Cape Elizabeth - Cape Elizabeth Sanctuary Zone","Shannon diversity",NA,"shannon_diversity"
"Bloom","Fished",1.7666509930011398,0.38369375094964864,Inf,1.1541992655900621,2.704087434569917,"Cape Elizabeth - Cape Elizabeth Sanctuary Zone","Shannon diversity",NA,"shannon_diversity"
"Pre-bloom","No-take",1.9491196839932514,0.40302185657610573,Inf,1.2996742819124936,2.923092035751879,"Cape Elizabeth - Cape Elizabeth Sanctuary Zone","Shannon diversity",NA,"shannon_diversity"
"Bloom","No-take",1.8412157402881288,0.3917073176223304,Inf,1.213435758861091,2.793782346967116,"Cape Elizabeth - Cape Elizabeth Sanctuary Zone","Shannon diversity",NA,"shannon_diversity"
"Pre-bloom","Fished",1.750068822747734,0.1569995320244747,Inf,1.4678896903576648,2.086492537192883,"Carrickalinga - Carrickalinga Cliffs Sanctuary Zone","Shannon diversity",NA,"shannon_diversity"
"Bloom","Fished",1.8355742979496403,0.39110676636929104,Inf,1.2089435271185376,2.787006115433669,"Carrickalinga - Carrickalinga Cliffs Sanctuary Zone","Shannon diversity",NA,"shannon_diversity"
"Pre-bloom","No-take",1.7853533618351307,0.1597029878148413,Inf,1.498244580839655,2.127480831487242,"Carrickalinga - Carrickalinga Cliffs Sanctuary Zone","Shannon diversity",NA,"shannon_diversity"
"Bloom","No-take",1.7239624172883872,0.3790297004156839,Inf,1.1204254283508714,2.6526052881514004,"Carrickalinga - Carrickalinga Cliffs Sanctuary Zone","Shannon diversity",NA,"shannon_diversity"
"Pre-bloom","Fished",2.0539437635167044,0.41371724908617097,Inf,1.3839952629145287,3.048193224885118,"Chinamans Hat - Chinamans Hat Sanctuary Zone","Shannon diversity",NA,"shannon_diversity"
"Bloom","Fished",1.9718509637699795,0.4233900754069258,Inf,1.2945134874168578,3.003596533458538,"Chinamans Hat - Chinamans Hat Sanctuary Zone","Shannon diversity",NA,"shannon_diversity"
"Pre-bloom","No-take",1.938100585685997,0.401881029276148,Inf,1.290840852707625,2.9099124592760237,"Chinamans Hat - Chinamans Hat Sanctuary Zone","Shannon diversity",NA,"shannon_diversity"
"Bloom","No-take",1.7622264298551595,0.40025289736426034,Inf,1.1290913305623564,2.7503904299162065,"Chinamans Hat - Chinamans Hat Sanctuary Zone","Shannon diversity",NA,"shannon_diversity"
"Pre-bloom","Fished",0.40788396735498567,0.22579966425214304,Inf,0.1378229960038123,1.2071231626733834,"Cuttlefish Coast - Fairway Bank Sanctuary Zone","Shannon diversity",NA,"shannon_diversity"
"Bloom","Fished",0.5643818398044702,0.26560820778978683,Inf,0.22437906336586808,1.4195926140474837,"Cuttlefish Coast - Fairway Bank Sanctuary Zone","Shannon diversity",NA,"shannon_diversity"
"Pre-bloom","No-take",0.5729509122737604,0.2676169912042794,Inf,0.22936842055211862,1.431202896567629,"Cuttlefish Coast - Fairway Bank Sanctuary Zone","Shannon diversity",NA,"shannon_diversity"
"Bloom","No-take",0.5457709380539665,0.21326252615901053,Inf,0.2537461455009493,1.1738736611594838,"Cuttlefish Coast - Fairway Bank Sanctuary Zone","Shannon diversity",NA,"shannon_diversity"
"Pre-bloom","No-take",2.043337857025457,0.16617066549598677,Inf,1.7422793641907384,2.3964179819650884,"Dangerous Reef - Dangerous Reef Sanctuary Zone","Shannon diversity",NA,"shannon_diversity"
"Bloom","No-take",2.379173243469807,0.3148527420883831,Inf,1.835610677758746,3.083696009741013,"Dangerous Reef - Dangerous Reef Sanctuary Zone","Shannon diversity",NA,"shannon_diversity"
"Pre-bloom","Fished",1.309038345507056,0.14650466877991877,Inf,1.05120587480201,1.6301101725963965,"Glenelg","Shannon diversity",NA,"shannon_diversity"
"Bloom","Fished",0.7629870535372327,0.15443631879117475,Inf,0.5131275616551849,1.1345117420463662,"Glenelg","Shannon diversity",NA,"shannon_diversity"
"Pre-bloom","Fished",1.7448631946199256,0.22653807130085207,Inf,1.3528469734945487,2.250474464288344,"Middle/Long Spit - Middle Spit Sanctuary Zone","Shannon diversity",NA,"shannon_diversity"
"Bloom","Fished",1.2668169494677013,0.2813823853825145,Inf,0.8196850068602171,1.9578559690946342,"Middle/Long Spit - Middle Spit Sanctuary Zone","Shannon diversity",NA,"shannon_diversity"
"Pre-bloom","No-take",1.7395879438419874,0.2811977364388844,Inf,1.2672226182474418,2.3880304618817143,"Middle/Long Spit - Middle Spit Sanctuary Zone","Shannon diversity",NA,"shannon_diversity"
"Bloom","No-take",0.9592333000606915,0.3462717765900043,Inf,0.4727708006166055,1.9462465168010767,"Middle/Long Spit - Middle Spit Sanctuary Zone","Shannon diversity",NA,"shannon_diversity"
"Pre-bloom","Fished",1.161279401387074,0.13988230623872733,Inf,0.9170752028357867,1.4705117354780324,"O'Sullivan","Shannon diversity",NA,"shannon_diversity"
"Bloom","Fished",0.930783839096531,0.19122205509883947,Inf,0.6222663576366618,1.3922632076939938,"O'Sullivan","Shannon diversity",NA,"shannon_diversity"
"Pre-bloom","Fished",0.6333077555098471,0.14529369888589258,Inf,0.4039539269690843,0.9928823224922281,"Offshore Ardrossan - Offshore Ardrossan Sanctuary Zone","Shannon diversity",NA,"shannon_diversity"
"Bloom","Fished",0.11343761644376114,0.13750007081811208,Inf,0.01054382462973143,1.2204388138395699,"Offshore Ardrossan - Offshore Ardrossan Sanctuary Zone","Shannon diversity",NA,"shannon_diversity"
"Pre-bloom","No-take",0.7304671915792427,0.22067581164175118,Inf,0.4040645769249561,1.3205372320295332,"Offshore Ardrossan - Offshore Ardrossan Sanctuary Zone","Shannon diversity",NA,"shannon_diversity"
"Bloom","No-take",0.18821525513585688,0.1771135493325647,Inf,0.029761898218363645,1.190279665831188,"Offshore Ardrossan - Offshore Ardrossan Sanctuary Zone","Shannon diversity",NA,"shannon_diversity"
"Pre-bloom","No-take",2.1275247482942397,0.42106259022250414,Inf,1.443482941668348,3.135722234010603,"Orcades Bank - Orcades Bank Sanctuary Zone","Shannon diversity","overall","shannon_diversity"
"Pre-bloom","Fished",1.901964275459907,0.39811681716700437,Inf,1.261914404530826,2.866650933008953,"Port Gibbon - Port Gibbon Sanctuary Zone","Shannon diversity",NA,"shannon_diversity"
"Bloom","Fished",1.8752273041051875,0.3953086382016753,Inf,1.2405542629167903,2.8346018769011114,"Port Gibbon - Port Gibbon Sanctuary Zone","Shannon diversity",NA,"shannon_diversity"
"Pre-bloom","No-take",1.4120938966091883,0.34303713172314193,Inf,0.8771682349293481,2.273234589943318,"Port Gibbon - Port Gibbon Sanctuary Zone","Shannon diversity",NA,"shannon_diversity"
"Bloom","No-take",1.6293572426600291,0.36848303924780285,Inf,1.0459599355492175,2.5381517340955275,"Port Gibbon - Port Gibbon Sanctuary Zone","Shannon diversity",NA,"shannon_diversity"
"Pre-bloom","No-take",1.3671828778662498,0.20468448510974688,Inf,1.019508910754709,1.8334209753467887,"Port Noarlunga - Port Noarlunga Reef Sanctuary Zone","Shannon diversity",NA,"shannon_diversity"
"Bloom","No-take",1.6051064172360516,0.5831152302286878,Inf,0.787540469245164,3.27140853234086,"Port Noarlunga - Port Noarlunga Reef Sanctuary Zone","Shannon diversity",NA,"shannon_diversity"
"Pre-bloom","Fished",1.8853972794720908,0.17651505804967416,Inf,1.5693199918786607,2.2651358039384557,"Rapid Head - Rapid Head Sanctuary Zone","Shannon diversity",NA,"shannon_diversity"
"Bloom","Fished",1.723261418493754,0.37903766604418837,Inf,1.1197633919055645,2.6520155400111074,"Rapid Head - Rapid Head Sanctuary Zone","Shannon diversity",NA,"shannon_diversity"
"Pre-bloom","No-take",1.9350287724065907,0.17211554211841662,Inf,1.625456556990621,2.3035597807508568,"Rapid Head - Rapid Head Sanctuary Zone","Shannon diversity",NA,"shannon_diversity"
"Bloom","No-take",1.7420541155557008,0.38109772919805834,Inf,1.13461853747623,2.674689722833946,"Rapid Head - Rapid Head Sanctuary Zone","Shannon diversity",NA,"shannon_diversity"
"Pre-bloom","Fished",1.9448454283849168,0.18003909809174276,Inf,1.62213607064691,2.331754905617305,"Sponge Gardens - Sponge Gardens Sanctuary Zone","Shannon diversity",NA,"shannon_diversity"
"Bloom","Fished",1.966797845761557,0.28626892997221054,Inf,1.4786544295478141,2.6160904730629047,"Sponge Gardens - Sponge Gardens Sanctuary Zone","Shannon diversity",NA,"shannon_diversity"
"Pre-bloom","No-take",2.0772688295748716,0.19090130520910134,Inf,1.7348708891676423,2.4872431817641676,"Sponge Gardens - Sponge Gardens Sanctuary Zone","Shannon diversity",NA,"shannon_diversity"
"Bloom","No-take",2.116863602275678,0.3101951986097078,Inf,1.5884071013270153,2.8211354047056765,"Sponge Gardens - Sponge Gardens Sanctuary Zone","Shannon diversity",NA,"shannon_diversity"
"Pre-bloom","Fished",1.8756671252905606,0.1783002110890919,Inf,1.5568288400473258,2.2598034378582095,"The Pages - The Pages Sanctuary Zone","Shannon diversity",NA,"shannon_diversity"
"Bloom","Fished",1.555332290564257,0.2204634412516017,Inf,1.1780617559119537,2.0534225153580614,"The Pages - The Pages Sanctuary Zone","Shannon diversity",NA,"shannon_diversity"
"Pre-bloom","No-take",1.923126571806828,0.18209160241383124,Inf,1.5973926793255346,2.3152828099544447,"The Pages - The Pages Sanctuary Zone","Shannon diversity",NA,"shannon_diversity"
"Bloom","No-take",1.3237895027329172,0.20339227419453956,Inf,0.9795733218899532,1.7889611817569826,"The Pages - The Pages Sanctuary Zone","Shannon diversity",NA,"shannon_diversity"
"Pre-bloom","Fished",1.5681407929686495,0.2611130707130965,Inf,1.1314892353477228,2.173299992391566,"Victor Harbor - Encounter Bay Sanctuary Zone","Shannon diversity",NA,"shannon_diversity"
"Bloom","Fished",1.7706016338672121,0.23522606524261172,Inf,1.364702377280122,2.2972262656282734,"Victor Harbor - Encounter Bay Sanctuary Zone","Shannon diversity",NA,"shannon_diversity"
"Pre-bloom","No-take",1.2272919328662084,0.36927736381395443,Inf,0.6805054147144001,2.213421753757282,"Victor Harbor - Encounter Bay Sanctuary Zone","Shannon diversity",NA,"shannon_diversity"
"Bloom","No-take",1.4733939909865497,0.429155274154367,Inf,0.8325101414200983,2.607643732690346,"Victor Harbor - Encounter Bay Sanctuary Zone","Shannon diversity",NA,"shannon_diversity"
"Pre-bloom","Fished",1.4834495833177876,0.14353906686419873,Inf,1.2271856018468361,1.7932272534276161,"Windara Reef - Windara Shell fish Reef Sanctuary Zone","Shannon diversity",NA,"shannon_diversity"
"Bloom","Fished",0.42880448976008223,0.18903359987834387,Inf,0.18072439097052534,1.017423765829111,"Windara Reef - Windara Shell fish Reef Sanctuary Zone","Shannon diversity",NA,"shannon_diversity"
"Pre-bloom","Fished",3.500000122208655,1.336774543579652,Inf,1.655632383585808,7.398986017010161,"Aldinga - Aldinga Reef Sanctuary Zone","Abundance > 200 mm",NA,"large_fish"
"Bloom","Fished",1.272727299690979,0.49545772125075743,Inf,0.593434296520559,2.7295941418892586,"Aldinga - Aldinga Reef Sanctuary Zone","Abundance > 200 mm",NA,"large_fish"
"Pre-bloom","No-take",9.750000267251211,3.419193110705273,Inf,4.903427618375068,19.386949825701958,"Aldinga - Aldinga Reef Sanctuary Zone","Abundance > 200 mm",NA,"large_fish"
"Bloom","No-take",16.166666201203785,4.53229121310076,Inf,9.33228279738263,28.00612687545722,"Aldinga - Aldinga Reef Sanctuary Zone","Abundance > 200 mm",NA,"large_fish"
"Pre-bloom","Fished",2.294117638143245,0.38117378859768797,Inf,1.656480273107439,3.177203992756866,"Bay of Shoals - Bay of Shoals Sanctuary Zone","Abundance > 200 mm",NA,"large_fish"
"Bloom","Fished",1.7500001064396042,0.5235785077005235,Inf,0.9735741692662817,3.1456261569127597,"Bay of Shoals - Bay of Shoals Sanctuary Zone","Abundance > 200 mm",NA,"large_fish"
"Pre-bloom","No-take",1.290322542498726,0.26196129003097823,Inf,0.8667370118661217,1.920919772533662,"Bay of Shoals - Bay of Shoals Sanctuary Zone","Abundance > 200 mm",NA,"large_fish"
"Bloom","No-take",2.4166667347437296,0.6678793794301675,Inf,1.4059679106227336,4.153919917155245,"Bay of Shoals - Bay of Shoals Sanctuary Zone","Abundance > 200 mm",NA,"large_fish"
"Bloom","Fished",0.1363636226626829,0.10897878838903016,Inf,0.028473253911984082,0.6530703390336473,"Boston Bay","Abundance > 200 mm","overall","large_fish"
"Pre-bloom","Fished",1.7500000000700835,0.542104212838403,Inf,0.9535820810125942,3.21157461032958,"Cape Elizabeth - Cape Elizabeth Sanctuary Zone","Abundance > 200 mm",NA,"large_fish"
"Bloom","Fished",3.6666666665174654,0.9774816886368136,Inf,2.174468336607303,6.182865124781211,"Cape Elizabeth - Cape Elizabeth Sanctuary Zone","Abundance > 200 mm",NA,"large_fish"
"Pre-bloom","No-take",2.7499999999367395,0.7711963499308017,Inf,1.5871791806242732,4.76474243864361,"Cape Elizabeth - Cape Elizabeth Sanctuary Zone","Abundance > 200 mm",NA,"large_fish"
"Bloom","No-take",2.9999999999580407,0.827687748279863,Inf,1.7469409497252864,5.1518627467995,"Cape Elizabeth - Cape Elizabeth Sanctuary Zone","Abundance > 200 mm",NA,"large_fish"
"Pre-bloom","Fished",5.959210628669375,0.928175337858707,Inf,4.391471369645444,8.086627084104892,"Carrickalinga - Carrickalinga Cliffs Sanctuary Zone","Abundance > 200 mm",NA,"large_fish"
"Bloom","Fished",9.201851044967395,3.3365415346491987,Inf,4.520995892416614,18.729073122096242,"Carrickalinga - Carrickalinga Cliffs Sanctuary Zone","Abundance > 200 mm",NA,"large_fish"
"Pre-bloom","No-take",14.14888409420169,2.126418996642482,Inf,10.538920278562713,18.995391920590126,"Carrickalinga - Carrickalinga Cliffs Sanctuary Zone","Abundance > 200 mm",NA,"large_fish"
"Bloom","No-take",11.871700555232373,4.322015380171029,Inf,5.815997452336045,24.23269185176413,"Carrickalinga - Carrickalinga Cliffs Sanctuary Zone","Abundance > 200 mm",NA,"large_fish"
"Pre-bloom","Fished",10.666666662927039,2.1596841466961547,Inf,7.172748709869228,15.862507150354837,"Chinamans Hat - Chinamans Hat Sanctuary Zone","Abundance > 200 mm",NA,"large_fish"
"Bloom","Fished",9.272727269950456,1.988826079226043,Inf,6.090328534256707,14.118034936743637,"Chinamans Hat - Chinamans Hat Sanctuary Zone","Abundance > 200 mm",NA,"large_fish"
"Pre-bloom","No-take",11.583333334418622,2.3275296087971467,Inf,7.8125890762036425,17.174026411415,"Chinamans Hat - Chinamans Hat Sanctuary Zone","Abundance > 200 mm",NA,"large_fish"
"Bloom","No-take",10.999999996410317,2.4326921887696247,Inf,7.13093042295735,16.96833270613313,"Chinamans Hat - Chinamans Hat Sanctuary Zone","Abundance > 200 mm",NA,"large_fish"
"Pre-bloom","Fished",1.142857136124939,0.4970971323546269,Inf,0.4872516593826024,2.6805910425152537,"Cuttlefish Coast - Fairway Bank Sanctuary Zone","Abundance > 200 mm",NA,"large_fish"
"Bloom","Fished",7.142857103034685,2.0725389218793424,Inf,4.044745444166408,12.613997172048974,"Cuttlefish Coast - Fairway Bank Sanctuary Zone","Abundance > 200 mm",NA,"large_fish"
"Pre-bloom","No-take",0.42857142568238543,0.27021199226515974,Inf,0.12455041824924858,1.474691691069777,"Cuttlefish Coast - Fairway Bank Sanctuary Zone","Abundance > 200 mm",NA,"large_fish"
"Bloom","No-take",5.416666698375564,1.2449957375520253,Inf,3.452131917856428,8.499176398655539,"Cuttlefish Coast - Fairway Bank Sanctuary Zone","Abundance > 200 mm",NA,"large_fish"
"Bloom","No-take",38.869565217385315,2.041034547926021,Inf,35.068180090521565,43.08301988550954,"Dangerous Reef - Dangerous Reef Sanctuary Zone","Abundance > 200 mm","overall","large_fish"
"Pre-bloom","Fished",3.9140663749755724,1.553528110041802,Inf,1.7979542889958144,8.520748097700986,"Glenelg","Abundance > 200 mm",NA,"large_fish"
"Bloom","Fished",0.4059262331696555,0.31456336725317735,Inf,0.08888484219326316,1.8538155967811845,"Glenelg","Abundance > 200 mm",NA,"large_fish"
"Bloom","Fished",2.0625000197627266,0.4978447662631032,Inf,1.285084091069771,3.3102163205367154,"Middle/Long Spit - Middle Spit Sanctuary Zone","Abundance > 200 mm",NA,"large_fish"
"Bloom","No-take",1.3749999233354286,0.5268797054383634,Inf,0.6488357753231344,2.9138726024021437,"Middle/Long Spit - Middle Spit Sanctuary Zone","Abundance > 200 mm",NA,"large_fish"
"Pre-bloom","Fished",1.540540538051047,0.5530044594666824,Inf,0.7622881684734613,3.1133438081969045,"O'Sullivan","Abundance > 200 mm",NA,"large_fish"
"Bloom","Fished",1.312500005668109,0.5125751472504119,Inf,0.6104873142797276,2.8217724178449655,"O'Sullivan","Abundance > 200 mm",NA,"large_fish"
"Pre-bloom","Fished",1.2500000101984405,0.8285474689054859,Inf,0.3409583367585173,4.582671420651426,"Offshore Ardrossan - Offshore Ardrossan Sanctuary Zone","Abundance > 200 mm",NA,"large_fish"
"Bloom","Fished",3.4115501728662165e-10,7.540501388370758e-6,Inf,2.220446049250313e-16,Inf,"Offshore Ardrossan - Offshore Ardrossan Sanctuary Zone","Abundance > 200 mm",NA,"large_fish"
"Pre-bloom","No-take",3.6666666499509057,2.3479494754081327,Inf,1.0452126073811616,12.862879979555544,"Offshore Ardrossan - Offshore Ardrossan Sanctuary Zone","Abundance > 200 mm",NA,"large_fish"
"Bloom","No-take",0.6666666651821711,0.4266507672891822,Inf,0.19017790174576374,2.336993091128251,"Offshore Ardrossan - Offshore Ardrossan Sanctuary Zone","Abundance > 200 mm",NA,"large_fish"
"Pre-bloom","Fished",1.3333343317883108,0.4307940878062508,Inf,0.7078151003176719,2.5116452581013067,"Port Gibbon - Port Gibbon Sanctuary Zone","Abundance > 200 mm",NA,"large_fish"
"Bloom","Fished",1.8181813097233752,0.471427145882377,Inf,1.0937886049182273,3.022323747169181,"Port Gibbon - Port Gibbon Sanctuary Zone","Abundance > 200 mm",NA,"large_fish"
"Pre-bloom","No-take",0.6666660894084439,0.2888473316640036,Inf,0.28517214601883584,1.5585101173863996,"Port Gibbon - Port Gibbon Sanctuary Zone","Abundance > 200 mm",NA,"large_fish"
"Bloom","No-take",1.833334072510291,0.45371781790062854,Inf,1.1287148911850773,2.9778235829760495,"Port Gibbon - Port Gibbon Sanctuary Zone","Abundance > 200 mm",NA,"large_fish"
"Pre-bloom","No-take",8.64285667698899,0.8594463322729402,Inf,7.112360549112898,10.502697525407383,"Port Noarlunga - Port Noarlunga Reef Sanctuary Zone","Abundance > 200 mm",NA,"large_fish"
"Bloom","No-take",5.000000859024079,1.0553060067985263,Inf,3.3060886109539718,7.56180838813869,"Port Noarlunga - Port Noarlunga Reef Sanctuary Zone","Abundance > 200 mm",NA,"large_fish"
"Pre-bloom","Fished",8.644067592618484,0.7823399104680318,Inf,7.239012296408877,10.321836942150808,"Rapid Head - Rapid Head Sanctuary Zone","Abundance > 200 mm",NA,"large_fish"
"Bloom","Fished",7.250000659395417,1.4880667336872995,Inf,4.8487349896145044,10.840458320328398,"Rapid Head - Rapid Head Sanctuary Zone","Abundance > 200 mm",NA,"large_fish"
"Pre-bloom","No-take",10.57376989633519,0.92038318162524,Inf,8.915339207097444,12.540701730298423,"Rapid Head - Rapid Head Sanctuary Zone","Abundance > 200 mm",NA,"large_fish"
"Bloom","No-take",6.18181829795991,1.3561208901239026,Inf,4.021481093751961,9.502687337848016,"Rapid Head - Rapid Head Sanctuary Zone","Abundance > 200 mm",NA,"large_fish"
"Pre-bloom","Fished",10.52538771450328,1.0048908677513255,Inf,8.729136706681336,12.691264928388849,"Sponge Gardens - Sponge Gardens Sanctuary Zone","Abundance > 200 mm",NA,"large_fish"
"Bloom","Fished",15.188537786322595,2.3426656166213053,Inf,11.226062346466799,20.549652493169635,"Sponge Gardens - Sponge Gardens Sanctuary Zone","Abundance > 200 mm",NA,"large_fish"
"Pre-bloom","No-take",12.960132112010037,1.2182156347120934,Inf,10.779507014903512,15.581883673207779,"Sponge Gardens - Sponge Gardens Sanctuary Zone","Abundance > 200 mm",NA,"large_fish"
"Bloom","No-take",15.269981277412098,2.2870488875597856,Inf,11.38545768313767,20.479837939045154,"Sponge Gardens - Sponge Gardens Sanctuary Zone","Abundance > 200 mm",NA,"large_fish"
"Pre-bloom","Fished",9.957452502669202,1.6583508841022758,Inf,7.184325446500462,13.800997892044306,"The Pages - The Pages Sanctuary Zone","Abundance > 200 mm",NA,"large_fish"
"Bloom","Fished",7.710464740909225,1.6669553312840688,Inf,5.047263595737117,11.778910570673679,"The Pages - The Pages Sanctuary Zone","Abundance > 200 mm",NA,"large_fish"
"Pre-bloom","No-take",9.809063991808866,1.6402996758258424,Inf,7.06784824917588,13.613441178030444,"The Pages - The Pages Sanctuary Zone","Abundance > 200 mm",NA,"large_fish"
"Bloom","No-take",7.311702581044061,1.6392352745296892,Inf,4.711777467134647,11.346247781552679,"The Pages - The Pages Sanctuary Zone","Abundance > 200 mm",NA,"large_fish"
"Bloom","Fished",8.968749999695408,1.7243615073114946,Inf,6.152860906004676,13.07334551940467,"Victor Harbor - Encounter Bay Sanctuary Zone","Abundance > 200 mm",NA,"large_fish"
"Bloom","No-take",6.00000000004233,2.3603481585689545,Inf,2.7752104225756287,12.971989333730205,"Victor Harbor - Encounter Bay Sanctuary Zone","Abundance > 200 mm",NA,"large_fish"
"Pre-bloom","Fished",0.9748115362599685,0.2184869289956672,Inf,0.6282590389987188,1.5125250449877854,"Windara Reef - Windara Shell fish Reef Sanctuary Zone","Abundance > 200 mm",NA,"large_fish"
"Bloom","Fished",0.24312139355690623,0.17578467868781134,Inf,0.058935471542462516,1.0029276165622136,"Windara Reef - Windara Shell fish Reef Sanctuary Zone","Abundance > 200 mm",NA,"large_fish"
